stage,profile,config_name,EbN0_dB,seed_base,seed_count,layer_order,decoder_cycles_per_iteration,syndrome_S,syndrome_Q,syndrome_valid,syndrome_tail,effective_iteration_boundary,blocks,requested_blocks,completed_requested_blocks,block_errors,BLER,BLER_CI95_low,BLER_CI95_high,bit_errors_info,BER,avg_iterations,avg_iteration_se,max_iterations_observed,fraction_reaching_max_iterations,expected_latency_cycles,syndrome_pass_count,convergence_failures,undetected_errors,channel_quantizer_clip_count,app_init_saturation_count,q_sub_saturation_count,check_magnitude_clip_count,app_update_saturation_count,saturation_block_fraction,w_CH,w_APP,w_q,w_M,channel_gain,ch_to_app_shift,beta_int,beta_equiv,saturation_rule,screen_rank,screen_quality_pass,screen_retained_top5,aggregate_blocks,aggregate_block_errors,aggregate_BLER,aggregate_expected_latency_cycles
layer_order_screen,BG1_first4_high_rate,F1,4.2,72260819,500,1-3-2-0,71,8,8,True,1,72,500,500,True,38,0.07600000,0.05586903,0.10259641,2880,0.0006818182,8.336000,0.085959,12,0.110000,600.192,461,39,0,2782,0,130,4825634,373993,1.000000,6,8,8,6,1.32,1,1,0.378788,asymmetric two's-complement,1,True,True,1500,38,0.02533333,434.880
layer_order_screen,BG1_first4_high_rate,F1,4.4,74260819,500,1-3-2-0,71,8,8,True,1,72,500,500,True,0,0.00000000,0.00000000,0.00762434,0,0.0000000000,6.048000,0.054858,11,0.000000,435.456,500,0,0,5013,0,284,5766102,682765,1.000000,6,8,8,6,1.32,1,1,0.378788,asymmetric two's-complement,1,True,True,1500,38,0.02533333,434.880
layer_order_screen,BG1_first4_high_rate,F1,4.9,79260819,500,1-3-2-0,71,8,8,True,1,72,500,500,True,0,0.00000000,0.00000000,0.00762434,0,0.0000000000,3.736000,0.025415,7,0.000000,268.992,500,0,0,19688,0,509,6177194,916449,1.000000,6,8,8,6,1.32,1,1,0.378788,asymmetric two's-complement,1,True,True,1500,38,0.02533333,434.880
layer_order_screen,BG1_first4_high_rate,F1,4.2,72260819,500,1-2-3-0,71,8,8,True,1,72,500,500,True,40,0.08000000,0.05929813,0.10710632,2684,0.0006354167,8.398000,0.084555,12,0.110000,604.656,457,43,0,2782,0,195,5378789,600139,1.000000,6,8,8,6,1.32,1,1,0.378788,asymmetric two's-complement,2,True,True,1500,40,0.02666667,439.152
layer_order_screen,BG1_first4_high_rate,F1,4.4,74260819,500,1-2-3-0,71,8,8,True,1,72,500,500,True,0,0.00000000,0.00000000,0.00762434,0,0.0000000000,6.092000,0.054008,11,0.000000,438.624,500,0,0,5013,0,262,5924053,715003,1.000000,6,8,8,6,1.32,1,1,0.378788,asymmetric two's-complement,2,True,True,1500,40,0.02666667,439.152
layer_order_screen,BG1_first4_high_rate,F1,4.9,79260819,500,1-2-3-0,71,8,8,True,1,72,500,500,True,0,0.00000000,0.00000000,0.00762434,0,0.0000000000,3.808000,0.025760,6,0.000000,274.176,500,0,0,19688,0,938,6962841,1351205,1.000000,6,8,8,6,1.32,1,1,0.378788,asymmetric two's-complement,2,True,True,1500,40,0.02666667,439.152
layer_order_screen,BG1_first4_high_rate,F1,4.2,72260819,500,1-2-0-3,72,8,8,True,1,73,500,500,True,46,0.09200000,0.06968272,0.12053874,3010,0.0007125947,8.408000,0.086313,12,0.120000,613.784,451,49,0,2782,0,142,5404776,603629,1.000000,6,8,8,6,1.32,1,1,0.378788,asymmetric two's-complement,3,True,True,1500,46,0.03066667,445.689
layer_order_screen,BG1_first4_high_rate,F1,4.4,74260819,500,1-2-0-3,72,8,8,True,1,73,500,500,True,0,0.00000000,0.00000000,0.00762434,0,0.0000000000,6.092000,0.054525,12,0.002000,444.716,500,0,0,5013,0,357,5985969,849371,1.000000,6,8,8,6,1.32,1,1,0.378788,asymmetric two's-complement,3,True,True,1500,46,0.03066667,445.689
layer_order_screen,BG1_first4_high_rate,F1,4.9,79260819,500,1-2-0-3,72,8,8,True,1,73,500,500,True,0,0.00000000,0.00000000,0.00762434,0,0.0000000000,3.816000,0.024931,6,0.000000,278.568,500,0,0,19688,0,711,6970180,1360168,1.000000,6,8,8,6,1.32,1,1,0.378788,asymmetric two's-complement,3,True,True,1500,46,0.03066667,445.689
layer_order_screen,BG1_first4_high_rate,F1,4.2,72260819,500,1-0-3-2,73,8,8,True,1,74,500,500,True,41,0.08200000,0.06101909,0.10935486,2883,0.0006825284,8.368000,0.086070,12,0.110000,619.232,457,43,0,2782,0,153,5141926,505636,1.000000,6,8,8,6,1.32,1,1,0.378788,asymmetric two's-complement,4,True,True,1500,41,0.02733333,449.525
layer_order_screen,BG1_first4_high_rate,F1,4.4,74260819,500,1-0-3-2,73,8,8,True,1,74,500,500,True,0,0.00000000,0.00000000,0.00762434,0,0.0000000000,6.084000,0.054990,11,0.000000,450.216,500,0,0,5013,0,232,5913305,712383,1.000000,6,8,8,6,1.32,1,1,0.378788,asymmetric two's-complement,4,True,True,1500,41,0.02733333,449.525
layer_order_screen,BG1_first4_high_rate,F1,4.9,79260819,500,1-0-3-2,73,8,8,True,1,74,500,500,True,0,0.00000000,0.00000000,0.00762434,0,0.0000000000,3.772000,0.025482,6,0.000000,279.128,500,0,0,19688,0,793,6593636,1177978,1.000000,6,8,8,6,1.32,1,1,0.378788,asymmetric two's-complement,4,True,True,1500,41,0.02733333,449.525
layer_order_screen,BG1_first4_high_rate,F1,4.2,72260819,500,1-3-0-2,75,8,8,True,1,76,500,500,True,37,0.07400000,0.05416118,0.10033475,2830,0.0006699811,8.312000,0.085111,12,0.100000,631.712,462,38,0,2782,0,149,4796910,372571,1.000000,6,8,8,6,1.32,1,1,0.378788,asymmetric two's-complement,5,True,True,1500,37,0.02466667,460.205
layer_order_screen,BG1_first4_high_rate,F1,4.4,74260819,500,1-3-0-2,75,8,8,True,1,76,500,500,True,0,0.00000000,0.00000000,0.00762434,0,0.0000000000,6.102000,0.056618,12,0.002000,463.752,500,0,0,5013,0,313,5997179,743826,1.000000,6,8,8,6,1.32,1,1,0.378788,asymmetric two's-complement,5,True,True,1500,37,0.02466667,460.205
layer_order_screen,BG1_first4_high_rate,F1,4.9,79260819,500,1-3-0-2,75,8,8,True,1,76,500,500,True,0,0.00000000,0.00000000,0.00762434,0,0.0000000000,3.752000,0.025579,6,0.000000,285.152,500,0,0,19688,0,910,6368257,1040962,1.000000,6,8,8,6,1.32,1,1,0.378788,asymmetric two's-complement,5,True,True,1500,37,0.02466667,460.205
layer_order_screen,BG1_first4_high_rate,F1,4.2,72260819,500,0-2-1-3,70,8,8,True,1,71,500,500,True,43,0.08600000,0.06447314,0.11383981,3182,0.0007533144,8.792000,0.079285,12,0.124000,624.232,455,45,0,2782,0,166,4907381,410811,1.000000,6,8,8,6,1.32,1,1,0.378788,asymmetric two's-complement,6,True,False,1500,43,0.02866667,464.151
layer_order_screen,BG1_first4_high_rate,F1,4.4,74260819,500,0-2-1-3,70,8,8,True,1,71,500,500,True,0,0.00000000,0.00000000,0.00762434,0,0.0000000000,6.582000,0.057106,12,0.006000,467.322,500,0,0,5013,0,470,5875683,730551,1.000000,6,8,8,6,1.32,1,1,0.378788,asymmetric two's-complement,6,True,False,1500,43,0.02866667,464.151
layer_order_screen,BG1_first4_high_rate,F1,4.9,79260819,500,0-2-1-3,70,8,8,True,1,71,500,500,True,0,0.00000000,0.00000000,0.00762434,0,0.0000000000,4.238000,0.022174,6,0.000000,300.898,500,0,0,19688,0,640,6006604,875343,1.000000,6,8,8,6,1.32,1,1,0.378788,asymmetric two's-complement,6,True,False,1500,43,0.02866667,464.151
layer_order_screen,BG1_first4_high_rate,F1,4.2,72260819,500,3-2-1-0,70,8,8,True,1,71,500,500,True,49,0.09800000,0.07492392,0.12720605,3333,0.0007890625,8.818000,0.082068,12,0.136000,626.078,450,50,0,2782,0,277,5175900,581899,1.000000,6,8,8,6,1.32,1,1,0.378788,asymmetric two's-complement,7,True,False,1500,49,0.03266667,466.517
layer_order_screen,BG1_first4_high_rate,F1,4.4,74260819,500,3-2-1-0,70,8,8,True,1,71,500,500,True,0,0.00000000,0.00000000,0.00762434,0,0.0000000000,6.612000,0.055145,12,0.002000,469.452,500,0,0,5013,0,291,6185941,824189,1.000000,6,8,8,6,1.32,1,1,0.378788,asymmetric two's-complement,7,True,False,1500,49,0.03266667,466.517
layer_order_screen,BG1_first4_high_rate,F1,4.9,79260819,500,3-2-1-0,70,8,8,True,1,71,500,500,True,0,0.00000000,0.00000000,0.00762434,0,0.0000000000,4.282000,0.023109,6,0.000000,304.022,500,0,0,19688,0,701,6539944,1176768,1.000000,6,8,8,6,1.32,1,1,0.378788,asymmetric two's-complement,7,True,False,1500,49,0.03266667,466.517
layer_order_screen,BG1_first4_high_rate,F1,4.2,72260819,500,3-1-2-0,73,8,8,True,1,74,500,500,True,47,0.09400000,0.07142641,0.12276456,3168,0.0007500000,8.612000,0.083815,12,0.126000,637.288,450,50,0,2782,0,142,5200343,538259,1.000000,6,8,8,6,1.32,1,1,0.378788,asymmetric two's-complement,8,True,False,1500,47,0.03133333,467.384
layer_order_screen,BG1_first4_high_rate,F1,4.4,74260819,500,3-1-2-0,73,8,8,True,1,74,500,500,True,0,0.00000000,0.00000000,0.00762434,0,0.0000000000,6.312000,0.055889,12,0.002000,467.088,500,0,0,5013,0,241,5680996,636587,1.000000,6,8,8,6,1.32,1,1,0.378788,asymmetric two's-complement,8,True,False,1500,47,0.03133333,467.384
layer_order_screen,BG1_first4_high_rate,F1,4.9,79260819,500,3-1-2-0,73,8,8,True,1,74,500,500,True,0,0.00000000,0.00000000,0.00762434,0,0.0000000000,4.024000,0.023322,6,0.000000,297.776,500,0,0,19688,0,552,6415196,1002070,1.000000,6,8,8,6,1.32,1,1,0.378788,asymmetric two's-complement,8,True,False,1500,47,0.03133333,467.384
layer_order_screen,BG1_first4_high_rate,F1,4.2,72260819,500,2-1-0-3,73,8,8,True,1,74,500,500,True,43,0.08600000,0.06447314,0.11383981,3064,0.0007253788,8.606000,0.083878,12,0.120000,636.844,455,45,0,2782,0,171,5233926,559713,1.000000,6,8,8,6,1.32,1,1,0.378788,asymmetric two's-complement,9,True,False,1500,43,0.02866667,467.828
layer_order_screen,BG1_first4_high_rate,F1,4.4,74260819,500,2-1-0-3,73,8,8,True,1,74,500,500,True,0,0.00000000,0.00000000,0.00762434,0,0.0000000000,6.330000,0.055501,11,0.000000,468.420,500,0,0,5013,0,301,5970903,787313,1.000000,6,8,8,6,1.32,1,1,0.378788,asymmetric two's-complement,9,True,False,1500,43,0.02866667,467.828
layer_order_screen,BG1_first4_high_rate,F1,4.9,79260819,500,2-1-0-3,73,8,8,True,1,74,500,500,True,0,0.00000000,0.00000000,0.00762434,0,0.0000000000,4.030000,0.023222,6,0.000000,298.220,500,0,0,19688,0,815,6551709,1092053,1.000000,6,8,8,6,1.32,1,1,0.378788,asymmetric two's-complement,9,True,False,1500,43,0.02866667,467.828
layer_order_screen,BG1_first4_high_rate,F1,4.2,72260819,500,1-0-2-3,76,8,8,True,1,77,500,500,True,40,0.08000000,0.05929813,0.10710632,3019,0.0007147254,8.398000,0.085544,12,0.114000,646.646,458,42,0,2782,0,232,5392794,622656,1.000000,6,8,8,6,1.32,1,1,0.378788,asymmetric two's-complement,10,True,False,1500,41,0.02733333,469.803
layer_order_screen,BG1_first4_high_rate,F1,4.4,74260819,500,1-0-2-3,76,8,8,True,1,77,500,500,True,1,0.00200000,0.00035314,0.01124071,4,0.0000009470,6.118000,0.055627,12,0.002000,471.086,499,1,0,5013,0,466,6167742,867371,1.000000,6,8,8,6,1.32,1,1,0.378788,asymmetric two's-complement,10,True,False,1500,41,0.02733333,469.803
layer_order_screen,BG1_first4_high_rate,F1,4.9,79260819,500,1-0-2-3,76,8,8,True,1,77,500,500,True,0,0.00000000,0.00000000,0.00762434,0,0.0000000000,3.788000,0.025912,6,0.000000,291.676,500,0,0,19688,0,930,6737178,1274275,1.000000,6,8,8,6,1.32,1,1,0.378788,asymmetric two's-complement,10,True,False,1500,41,0.02733333,469.803
layer_order_screen,BG1_first4_high_rate,F1,4.2,72260819,500,3-1-0-2,74,8,8,True,1,75,500,500,True,43,0.08600000,0.06447314,0.11383981,3145,0.0007445549,8.564000,0.084059,12,0.118000,642.300,457,43,0,2782,0,163,4867734,386896,1.000000,6,8,8,6,1.32,1,1,0.378788,asymmetric two's-complement,11,True,False,1500,44,0.02933333,470.950
layer_order_screen,BG1_first4_high_rate,F1,4.4,74260819,500,3-1-0-2,74,8,8,True,1,75,500,500,True,1,0.00200000,0.00035314,0.01124071,12,0.0000028409,6.298000,0.055575,12,0.002000,472.350,499,1,0,5013,0,456,5608503,623407,1.000000,6,8,8,6,1.32,1,1,0.378788,asymmetric two's-complement,11,True,False,1500,44,0.02933333,470.950
layer_order_screen,BG1_first4_high_rate,F1,4.9,79260819,500,3-1-0-2,74,8,8,True,1,75,500,500,True,0,0.00000000,0.00000000,0.00762434,0,0.0000000000,3.976000,0.023664,6,0.000000,298.200,500,0,0,19688,0,720,6017304,820278,1.000000,6,8,8,6,1.32,1,1,0.378788,asymmetric two's-complement,11,True,False,1500,44,0.02933333,470.950
layer_order_screen,BG1_first4_high_rate,F1,4.2,72260819,500,2-1-3-0,75,8,8,True,1,76,500,500,True,42,0.08400000,0.06274414,0.11159931,3008,0.0007121212,8.632000,0.081230,12,0.114000,656.032,456,44,0,2782,0,194,5448042,581107,1.000000,6,8,8,6,1.32,1,1,0.378788,asymmetric two's-complement,12,True,False,1500,42,0.02800000,482.752
layer_order_screen,BG1_first4_high_rate,F1,4.4,74260819,500,2-1-3-0,75,8,8,True,1,76,500,500,True,0,0.00000000,0.00000000,0.00762434,0,0.0000000000,6.376000,0.056672,12,0.004000,484.576,500,0,0,5013,0,530,6205014,861752,1.000000,6,8,8,6,1.32,1,1,0.378788,asymmetric two's-complement,12,True,False,1500,42,0.02800000,482.752
layer_order_screen,BG1_first4_high_rate,F1,4.9,79260819,500,2-1-3-0,75,8,8,True,1,76,500,500,True,0,0.00000000,0.00000000,0.00762434,0,0.0000000000,4.048000,0.023760,6,0.000000,307.648,500,0,0,19688,0,999,6718773,1199969,1.000000,6,8,8,6,1.32,1,1,0.378788,asymmetric two's-complement,12,True,False,1500,42,0.02800000,482.752
layer_order_screen,BG1_first4_high_rate,F1,4.2,72260819,500,2-3-1-0,73,8,8,True,1,74,500,500,True,49,0.09800000,0.07492392,0.12720605,3329,0.0007881155,8.848000,0.080987,12,0.134000,654.752,448,52,0,2782,0,161,5280493,530875,1.000000,6,8,8,6,1.32,1,1,0.378788,asymmetric two's-complement,13,True,False,1500,50,0.03333333,487.413
layer_order_screen,BG1_first4_high_rate,F1,4.4,74260819,500,2-3-1-0,73,8,8,True,1,74,500,500,True,1,0.00200000,0.00035314,0.01124071,21,0.0000049716,6.638000,0.055751,12,0.004000,491.212,499,1,0,5013,0,527,6343090,935367,1.000000,6,8,8,6,1.32,1,1,0.378788,asymmetric two's-complement,13,True,False,1500,50,0.03333333,487.413
layer_order_screen,BG1_first4_high_rate,F1,4.9,79260819,500,2-3-1-0,73,8,8,True,1,74,500,500,True,0,0.00000000,0.00000000,0.00762434,0,0.0000000000,4.274000,0.023128,6,0.000000,316.276,500,0,0,19688,0,951,6487357,1180111,1.000000,6,8,8,6,1.32,1,1,0.378788,asymmetric two's-complement,13,True,False,1500,50,0.03333333,487.413
layer_order_screen,BG1_first4_high_rate,F1,4.2,72260819,500,0-1-2-3,76,8,8,True,1,77,500,500,True,44,0.08800000,0.06620598,0.11607647,2895,0.0006853693,8.634000,0.083846,12,0.128000,664.818,456,44,0,2782,0,201,5388403,573233,1.000000,6,8,8,6,1.32,1,1,0.378788,asymmetric two's-complement,14,True,False,1500,44,0.02933333,487.975
layer_order_screen,BG1_first4_high_rate,F1,4.4,74260819,500,0-1-2-3,76,8,8,True,1,77,500,500,True,0,0.00000000,0.00000000,0.00762434,0,0.0000000000,6.334000,0.055163,12,0.002000,487.718,500,0,0,5013,0,364,5852544,703474,1.000000,6,8,8,6,1.32,1,1,0.378788,asymmetric two's-complement,14,True,False,1500,44,0.02933333,487.975
layer_order_screen,BG1_first4_high_rate,F1,4.9,79260819,500,0-1-2-3,76,8,8,True,1,77,500,500,True,0,0.00000000,0.00000000,0.00762434,0,0.0000000000,4.044000,0.023943,6,0.000000,311.388,500,0,0,19688,0,960,6649940,1140821,1.000000,6,8,8,6,1.32,1,1,0.378788,asymmetric two's-complement,14,True,False,1500,44,0.02933333,487.975
layer_order_screen,BG1_first4_high_rate,F1,4.2,72260819,500,0-3-1-2,74,8,8,True,1,75,500,500,True,49,0.09800000,0.07492392,0.12720605,3326,0.0007874053,8.852000,0.081150,12,0.144000,663.900,449,51,0,2782,0,209,5215343,488983,1.000000,6,8,8,6,1.32,1,1,0.378788,asymmetric two's-complement,15,True,False,1500,49,0.03266667,490.650
layer_order_screen,BG1_first4_high_rate,F1,4.4,74260819,500,0-3-1-2,74,8,8,True,1,75,500,500,True,0,0.00000000,0.00000000,0.00762434,0,0.0000000000,6.560000,0.054578,12,0.002000,492.000,500,0,0,5013,0,252,5594501,532722,1.000000,6,8,8,6,1.32,1,1,0.378788,asymmetric two's-complement,15,True,False,1500,49,0.03266667,490.650
layer_order_screen,BG1_first4_high_rate,F1,4.9,79260819,500,0-3-1-2,74,8,8,True,1,75,500,500,True,0,0.00000000,0.00000000,0.00762434,0,0.0000000000,4.214000,0.023356,6,0.000000,316.050,500,0,0,19688,0,663,5890942,872218,1.000000,6,8,8,6,1.32,1,1,0.378788,asymmetric two's-complement,15,True,False,1500,49,0.03266667,490.650
layer_order_screen,BG1_first4_high_rate,F1,4.2,72260819,500,0-1-3-2,77,8,8,True,1,78,500,500,True,41,0.08200000,0.06101909,0.10935486,3088,0.0007310606,8.580000,0.083841,12,0.122000,669.240,455,45,0,2782,0,93,4898330,375254,1.000000,6,8,8,6,1.32,1,1,0.378788,asymmetric two's-complement,16,True,False,1500,41,0.02733333,491.504
layer_order_screen,BG1_first4_high_rate,F1,4.4,74260819,500,0-1-3-2,77,8,8,True,1,78,500,500,True,0,0.00000000,0.00000000,0.00762434,0,0.0000000000,6.286000,0.054317,11,0.000000,490.308,500,0,0,5013,0,324,5742556,707276,1.000000,6,8,8,6,1.32,1,1,0.378788,asymmetric two's-complement,16,True,False,1500,41,0.02733333,491.504
layer_order_screen,BG1_first4_high_rate,F1,4.9,79260819,500,0-1-3-2,77,8,8,True,1,78,500,500,True,0,0.00000000,0.00000000,0.00762434,0,0.0000000000,4.038000,0.025027,7,0.000000,314.964,500,0,0,19688,0,833,6601115,1131628,1.000000,6,8,8,6,1.32,1,1,0.378788,asymmetric two's-complement,16,True,False,1500,41,0.02733333,491.504
layer_order_screen,BG1_first4_high_rate,F1,4.2,72260819,500,3-2-0-1,71,8,8,True,1,72,500,500,True,50,0.10000000,0.07667756,0.12942191,3455,0.0008179451,9.080000,0.078992,12,0.154000,653.760,445,55,0,2782,0,130,5198011,530188,1.000000,6,8,8,6,1.32,1,1,0.378788,asymmetric two's-complement,17,True,False,1500,50,0.03333333,491.952
layer_order_screen,BG1_first4_high_rate,F1,4.4,74260819,500,3-2-0-1,71,8,8,True,1,72,500,500,True,0,0.00000000,0.00000000,0.00762434,0,0.0000000000,6.870000,0.053740,12,0.004000,494.640,500,0,0,5013,0,404,6331983,892421,1.000000,6,8,8,6,1.32,1,1,0.378788,asymmetric two's-complement,17,True,False,1500,50,0.03333333,491.952
layer_order_screen,BG1_first4_high_rate,F1,4.9,79260819,500,3-2-0-1,71,8,8,True,1,72,500,500,True,0,0.00000000,0.00000000,0.00762434,0,0.0000000000,4.548000,0.025312,7,0.000000,327.456,500,0,0,19688,0,701,6798891,1385863,1.000000,6,8,8,6,1.32,1,1,0.378788,asymmetric two's-complement,17,True,False,1500,50,0.03333333,491.952
layer_order_screen,BG1_first4_high_rate,F1,4.2,72260819,500,0-2-3-1,72,8,8,True,1,73,500,500,True,53,0.10600000,0.08195705,0.13605093,3532,0.0008361742,9.004000,0.078717,12,0.138000,657.292,446,54,0,2782,0,180,4738158,381350,1.000000,6,8,8,6,1.32,1,1,0.378788,asymmetric two's-complement,18,True,False,1500,54,0.03600000,494.259
layer_order_screen,BG1_first4_high_rate,F1,4.4,74260819,500,0-2-3-1,72,8,8,True,1,73,500,500,True,1,0.00200000,0.00035314,0.01124071,32,0.0000075758,6.820000,0.054966,12,0.004000,497.860,499,1,0,5013,0,380,5735886,674205,1.000000,6,8,8,6,1.32,1,1,0.378788,asymmetric two's-complement,18,True,False,1500,54,0.03600000,494.259
layer_order_screen,BG1_first4_high_rate,F1,4.9,79260819,500,0-2-3-1,72,8,8,True,1,73,500,500,True,0,0.00000000,0.00000000,0.00762434,0,0.0000000000,4.488000,0.025079,6,0.000000,327.624,500,0,0,19688,0,763,6204841,1053215,1.000000,6,8,8,6,1.32,1,1,0.378788,asymmetric two's-complement,18,True,False,1500,54,0.03600000,494.259
layer_order_screen,BG1_first4_high_rate,F1,4.2,72260819,500,3-0-1-2,75,8,8,True,1,76,500,500,True,47,0.09400000,0.07142641,0.12276456,3102,0.0007343750,8.794000,0.082685,12,0.140000,668.344,453,47,0,2782,0,105,4821105,336529,1.000000,6,8,8,6,1.32,1,1,0.378788,asymmetric two's-complement,19,True,False,1500,47,0.03133333,494.507
layer_order_screen,BG1_first4_high_rate,F1,4.4,74260819,500,3-0-1-2,75,8,8,True,1,76,500,500,True,0,0.00000000,0.00000000,0.00762434,0,0.0000000000,6.504000,0.054863,12,0.002000,494.304,500,0,0,5013,0,314,5238928,489289,1.000000,6,8,8,6,1.32,1,1,0.378788,asymmetric two's-complement,19,True,False,1500,47,0.03133333,494.507
layer_order_screen,BG1_first4_high_rate,F1,4.9,79260819,500,3-0-1-2,75,8,8,True,1,76,500,500,True,0,0.00000000,0.00000000,0.00762434,0,0.0000000000,4.222000,0.022858,6,0.000000,320.872,500,0,0,19688,0,768,5958285,862403,1.000000,6,8,8,6,1.32,1,1,0.378788,asymmetric two's-complement,19,True,False,1500,47,0.03133333,494.507
layer_order_screen,BG1_first4_high_rate,F1,4.2,72260819,500,2-0-1-3,75,8,8,True,1,76,500,500,True,44,0.08800000,0.06620598,0.11607647,3202,0.0007580492,8.810000,0.081000,12,0.130000,669.560,454,46,0,2782,0,98,4887856,372268,1.000000,6,8,8,6,1.32,1,1,0.378788,asymmetric two's-complement,20,True,False,1500,44,0.02933333,496.280
layer_order_screen,BG1_first4_high_rate,F1,4.4,74260819,500,2-0-1-3,75,8,8,True,1,76,500,500,True,0,0.00000000,0.00000000,0.00762434,0,0.0000000000,6.536000,0.053433,11,0.000000,496.736,500,0,0,5013,0,331,5754841,669192,1.000000,6,8,8,6,1.32,1,1,0.378788,asymmetric two's-complement,20,True,False,1500,44,0.02933333,496.280
layer_order_screen,BG1_first4_high_rate,F1,4.9,79260819,500,2-0-1-3,75,8,8,True,1,76,500,500,True,0,0.00000000,0.00000000,0.00762434,0,0.0000000000,4.244000,0.023876,7,0.000000,322.544,500,0,0,19688,0,890,6181572,1008290,1.000000,6,8,8,6,1.32,1,1,0.378788,asymmetric two's-complement,20,True,False,1500,44,0.02933333,496.280
layer_order_screen,BG1_first4_high_rate,F1,4.2,72260819,500,0-3-2-1,73,8,8,True,1,74,500,500,True,50,0.10000000,0.07667756,0.12942191,3498,0.0008281250,9.042000,0.079933,12,0.146000,669.108,449,51,0,2782,0,175,4997251,440973,1.000000,6,8,8,6,1.32,1,1,0.378788,asymmetric two's-complement,21,True,False,1500,50,0.03333333,502.361
layer_order_screen,BG1_first4_high_rate,F1,4.4,74260819,500,0-3-2-1,73,8,8,True,1,74,500,500,True,0,0.00000000,0.00000000,0.00762434,0,0.0000000000,6.810000,0.054789,12,0.002000,503.940,500,0,0,5013,0,151,5638009,547565,1.000000,6,8,8,6,1.32,1,1,0.378788,asymmetric two's-complement,21,True,False,1500,50,0.03333333,502.361
layer_order_screen,BG1_first4_high_rate,F1,4.9,79260819,500,0-3-2-1,73,8,8,True,1,74,500,500,True,0,0.00000000,0.00000000,0.00762434,0,0.0000000000,4.514000,0.024430,6,0.000000,334.036,500,0,0,19688,0,491,6398129,1066937,1.000000,6,8,8,6,1.32,1,1,0.378788,asymmetric two's-complement,21,True,False,1500,50,0.03333333,502.361
layer_order_screen,BG1_first4_high_rate,F1,4.2,72260819,500,2-0-3-1,73,8,8,True,1,74,500,500,True,54,0.10800000,0.08372281,0.13825467,3656,0.0008655303,9.062000,0.078999,12,0.154000,670.588,444,56,0,2782,0,124,5086116,471679,1.000000,6,8,8,6,1.32,1,1,0.378788,asymmetric two's-complement,22,True,False,1500,55,0.03666667,503.841
layer_order_screen,BG1_first4_high_rate,F1,4.4,74260819,500,2-0-3-1,73,8,8,True,1,74,500,500,True,1,0.00200000,0.00035314,0.01124071,2,0.0000004735,6.824000,0.053138,12,0.004000,504.976,499,1,0,5013,0,276,5637578,542652,1.000000,6,8,8,6,1.32,1,1,0.378788,asymmetric two's-complement,22,True,False,1500,55,0.03666667,503.841
layer_order_screen,BG1_first4_high_rate,F1,4.9,79260819,500,2-0-3-1,73,8,8,True,1,74,500,500,True,0,0.00000000,0.00000000,0.00762434,0,0.0000000000,4.540000,0.024207,6,0.000000,335.960,500,0,0,19688,0,812,6680318,1218057,1.000000,6,8,8,6,1.32,1,1,0.378788,asymmetric two's-complement,22,True,False,1500,55,0.03666667,503.841
layer_order_screen,BG1_first4_high_rate,F1,4.2,72260819,500,2-3-0-1,75,8,8,True,1,76,500,500,True,47,0.09400000,0.07142641,0.12276456,3271,0.0007743845,9.096000,0.078651,12,0.150000,691.296,450,50,0,2782,0,153,5360876,541940,1.000000,6,8,8,6,1.32,1,1,0.378788,asymmetric two's-complement,23,True,False,1500,47,0.03133333,519.789
layer_order_screen,BG1_first4_high_rate,F1,4.4,74260819,500,2-3-0-1,75,8,8,True,1,76,500,500,True,0,0.00000000,0.00000000,0.00762434,0,0.0000000000,6.846000,0.054059,12,0.002000,520.296,500,0,0,5013,0,322,6003227,751040,1.000000,6,8,8,6,1.32,1,1,0.378788,asymmetric two's-complement,23,True,False,1500,47,0.03133333,519.789
layer_order_screen,BG1_first4_high_rate,F1,4.9,79260819,500,2-3-0-1,75,8,8,True,1,76,500,500,True,0,0.00000000,0.00000000,0.00762434,0,0.0000000000,4.576000,0.025174,7,0.000000,347.776,500,0,0,19688,0,841,7118831,1481952,1.000000,6,8,8,6,1.32,1,1,0.378788,asymmetric two's-complement,23,True,False,1500,47,0.03133333,519.789
layer_order_screen,BG1_first4_high_rate,F1,4.2,72260819,500,3-0-2-1,76,8,8,True,1,77,500,500,True,46,0.09200000,0.06968272,0.12053874,3373,0.0007985322,9.038000,0.079535,12,0.150000,695.926,453,47,0,2782,0,210,5044757,478762,1.000000,6,8,8,6,1.32,1,1,0.378788,asymmetric two's-complement,24,True,False,1500,46,0.03066667,523.600
layer_order_screen,BG1_first4_high_rate,F1,4.4,74260819,500,3-0-2-1,76,8,8,True,1,77,500,500,True,0,0.00000000,0.00000000,0.00762434,0,0.0000000000,6.848000,0.056215,12,0.006000,527.296,500,0,0,5013,0,300,5916801,691224,1.000000,6,8,8,6,1.32,1,1,0.378788,asymmetric two's-complement,24,True,False,1500,46,0.03066667,523.600
layer_order_screen,BG1_first4_high_rate,F1,4.9,79260819,500,3-0-2-1,76,8,8,True,1,77,500,500,True,0,0.00000000,0.00000000,0.00762434,0,0.0000000000,4.514000,0.025237,6,0.000000,347.578,500,0,0,19688,0,558,6420501,1166554,1.000000,6,8,8,6,1.32,1,1,0.378788,asymmetric two's-complement,24,True,False,1500,46,0.03066667,523.600
