label,model,EbN0_dB,blocks,block_errors,BLER,BLER_CI95_low,BLER_CI95_high,bit_errors_info,BER,avg_iterations,avg_iteration_se,avg_success_iterations,max_iterations_observed,fraction_reaching_max_iterations,undetected_errors,syndrome_pass_count,convergence_failures,channel_saturation_count,channel_quantizer_clip_count,app_init_saturation_count,q_sub_saturation_count,min_input_clip_count,check_magnitude_clip_count,app_add_saturation_count,app_update_saturation_count,saturation_block_fraction,saturation_events_per_block,saturation_error_blocks,saturation_clean_blocks,saturation_error_events,saturation_clean_events,expected_core_cycles,worst_configured_core_cycles,stage,profile,candidate,config_id,w_CH,w_APP,w_q,w_M,channel_gain,ch_to_app_shift,beta,beta_equiv,clip_fraction_at_4p4,layer_order,requested_stop_errors,requested_stop_blocks,requested_stop_completed,iteration_boundary_cycles
float,float,4.2,200,28,0.14000000,0.09866983,0.19489881,2876,0.0017021780,8.830000,0.141796,8.292398,12,0.190000,0,171,29,0,0,0,0,0,0,0,0,0.000000,0.000000,0,0,0,0,626.930,852,targeted_sweep,BG1_first4_high_rate,float,float_beta0p25,,,,,,,0.25,,,0-2-1-3,200,200,True,71
WIDE,fixed,4.2,200,29,0.14500000,0.10289351,0.20048668,2863,0.0016944839,8.875000,0.140698,8.345029,12,0.190000,0,171,29,1,1,0,0,0,0,0,0,0.005000,0.005000,0,1,0,1,630.125,852,targeted_sweep,BG1_first4_high_rate,WIDE,WIDE_ch8_app12_q12_m10_g4_s0_b1,8,12,12,10,4.0,0,1,0.250000,0.000003,0-2-1-3,200,200,True,71
C_ch5_app7_q7_m6_g0.759_s1_b1,fixed,4.2,200,90,0.45000000,0.38264068,0.51924385,6073,0.0035943419,11.005000,0.098353,10.104762,12,0.590000,0,105,95,12862,12862,0,61,0,0,148143,148143,1.000000,805.330000,90,110,5937,155129,781.355,852,targeted_sweep,BG1_first4_high_rate,C,C_ch5_app7_q7_m6_g0.759_s1_b1,5,7,7,6,0.759,1,1,0.658762,0.010010,0-2-1-3,200,200,True,71
C_ch5_app7_q7_m6_g0.759_s2_b1,fixed,4.2,200,60,0.30000000,0.24074745,0.36679068,143188,0.0847466856,9.410000,0.150908,8.300000,12,0.330000,0,140,60,12862,12862,0,250233,2486,2486,5618743,5618743,1.000000,29421.620000,60,140,1407734,4476590,668.110,852,targeted_sweep,BG1_first4_high_rate,C,C_ch5_app7_q7_m6_g0.759_s2_b1,5,7,7,6,0.759,2,1,0.329381,0.010010,0-2-1-3,200,200,True,71
D_ch5_app8_q8_m6_g0.759_s2_b1,fixed,4.2,200,33,0.16500000,0.11996855,0.22265782,2936,0.0017376894,9.105000,0.138440,8.532934,12,0.220000,0,167,33,12862,12862,0,493,4150370,4150370,534795,534795,1.000000,23492.600000,33,167,299338,4399182,646.455,852,targeted_sweep,BG1_first4_high_rate,D,D_ch5_app8_q8_m6_g0.759_s2_b1,5,8,8,6,0.759,2,1,0.329381,0.010010,0-2-1-3,200,200,True,71
D_ch5_app8_q8_m6_g0.99_s2_b1,fixed,4.2,200,36,0.18000000,0.13294626,0.23911475,11918,0.0070537405,9.120000,0.140809,8.487805,12,0.220000,0,164,36,157221,157221,0,10199,10809522,10809522,1795855,1795855,1.000000,63863.985000,36,164,1588185,11184612,647.520,852,targeted_sweep,BG1_first4_high_rate,D,D_ch5_app8_q8_m6_g0.99_s2_b1,5,8,8,6,0.99,2,1,0.252525,0.100027,0-2-1-3,200,200,True,71
F_ch6_app8_q8_m6_g1.32_s1_b1,fixed,4.2,200,23,0.11500000,0.07786373,0.16664717,1787,0.0010576468,8.750000,0.130085,8.306818,12,0.145000,0,176,24,1112,1112,0,111,2076888,2076888,231616,231616,1.000000,11548.635000,23,177,64792,2244935,621.250,852,targeted_sweep,BG1_first4_high_rate,F,F_ch6_app8_q8_m6_g1.32_s1_b1,6,8,8,6,1.32,1,1,0.378788,0.001000,0-2-1-3,200,200,True,71
F_ch6_app8_q8_m6_g1.542_s1_b1,fixed,4.2,200,23,0.11500000,0.07786373,0.16664717,1943,0.0011499763,8.695000,0.129785,8.244318,12,0.135000,0,176,24,12810,12810,0,497,4302098,4302098,503315,503315,1.000000,24093.600000,23,177,223047,4595673,617.345,852,targeted_sweep,BG1_first4_high_rate,F,F_ch6_app8_q8_m6_g1.542_s1_b1,6,8,8,6,1.542,1,1,0.324254,0.009968,0-2-1-3,200,200,True,71
G_ch6_app9_q9_m7_g1.32_s1_b1,fixed,4.2,200,23,0.11500000,0.07786373,0.16664717,1787,0.0010576468,8.750000,0.130085,8.306818,12,0.145000,0,176,24,1112,1112,0,0,10122,10122,12,12,1.000000,56.230000,23,177,122,11124,621.250,852,targeted_sweep,BG1_first4_high_rate,G,G_ch6_app9_q9_m7_g1.32_s1_b1,6,9,9,7,1.32,1,1,0.378788,0.001000,0-2-1-3,200,200,True,71
G_ch6_app9_q9_m7_g1.32_s2_b2,fixed,4.2,200,23,0.11500000,0.07786373,0.16664717,1787,0.0010576468,8.750000,0.130085,8.306818,12,0.145000,0,176,24,1112,1112,0,111,2076888,2076888,231634,231634,1.000000,11548.725000,23,177,64792,2244953,621.250,852,targeted_sweep,BG1_first4_high_rate,G,G_ch6_app9_q9_m7_g1.32_s2_b2,6,9,9,7,1.32,2,2,0.378788,0.001000,0-2-1-3,200,200,True,71
float,float,4.4,200,0,0.00000000,0.00000000,0.01884533,0,0.0000000000,6.615000,0.089014,6.615000,11,0.000000,0,200,0,0,0,0,0,0,0,0,0,0.000000,0.000000,0,0,0,0,469.665,852,targeted_sweep,BG1_first4_high_rate,float,float_beta0p25,,,,,,,0.25,,,0-2-1-3,200,200,True,71
WIDE,fixed,4.4,200,0,0.00000000,0.00000000,0.01884533,0,0.0000000000,6.650000,0.091264,6.650000,11,0.000000,0,200,0,2,2,0,0,0,0,0,0,0.010000,0.010000,0,2,0,2,472.150,852,targeted_sweep,BG1_first4_high_rate,WIDE,WIDE_ch8_app12_q12_m10_g4_s0_b1,8,12,12,10,4.0,0,1,0.250000,0.000003,0-2-1-3,200,200,True,71
C_ch5_app7_q7_m6_g0.759_s1_b1,fixed,4.4,200,1,0.00500000,0.00088317,0.02777370,3,0.0000017756,8.060000,0.101407,8.020202,12,0.025000,0,198,2,20036,20036,0,139,0,0,306856,306856,1.000000,1635.155000,1,199,98,326933,572.260,852,targeted_sweep,BG1_first4_high_rate,C,C_ch5_app7_q7_m6_g0.759_s1_b1,5,7,7,6,0.759,1,1,0.658762,0.010010,0-2-1-3,200,200,True,71
C_ch5_app7_q7_m6_g0.759_s2_b1,fixed,4.4,200,33,0.16500000,0.11996855,0.22265782,220667,0.1306031013,7.485000,0.162731,6.592814,12,0.170000,0,167,33,20036,20036,0,302108,5845,5845,6553084,6553084,1.000000,34405.365000,33,167,1403434,5477639,531.435,852,targeted_sweep,BG1_first4_high_rate,C,C_ch5_app7_q7_m6_g0.759_s2_b1,5,7,7,6,0.759,2,1,0.329381,0.010010,0-2-1-3,200,200,True,71
D_ch5_app8_q8_m6_g0.759_s2_b1,fixed,4.4,200,0,0.00000000,0.00000000,0.01884533,0,0.0000000000,6.765000,0.090220,6.765000,12,0.005000,0,200,0,20036,20036,0,1126,4736281,4736281,831686,831686,1.000000,27945.645000,0,200,0,5589129,480.315,852,targeted_sweep,BG1_first4_high_rate,D,D_ch5_app8_q8_m6_g0.759_s2_b1,5,8,8,6,0.759,2,1,0.329381,0.010010,0-2-1-3,200,200,True,71
D_ch5_app8_q8_m6_g0.99_s2_b1,fixed,4.4,200,1,0.00500000,0.00088317,0.02777370,1,0.0000005919,6.735000,0.094171,6.708543,12,0.005000,0,199,1,200104,200104,0,13274,10232553,10232553,2237776,2237776,1.000000,63418.535000,1,199,90476,12593231,478.185,852,targeted_sweep,BG1_first4_high_rate,D,D_ch5_app8_q8_m6_g0.99_s2_b1,5,8,8,6,0.99,2,1,0.252525,0.100027,0-2-1-3,200,200,True,71
F_ch6_app8_q8_m6_g1.32_s1_b1,fixed,4.4,200,0,0.00000000,0.00000000,0.01884533,0,0.0000000000,6.555000,0.079476,6.555000,11,0.000000,0,200,0,1977,1977,0,190,2374071,2374071,296617,296617,1.000000,13364.275000,0,200,0,2672855,465.405,852,targeted_sweep,BG1_first4_high_rate,F,F_ch6_app8_q8_m6_g1.32_s1_b1,6,8,8,6,1.32,1,1,0.378788,0.001000,0-2-1-3,200,200,True,71
F_ch6_app8_q8_m6_g1.542_s1_b1,fixed,4.4,200,0,0.00000000,0.00000000,0.01884533,0,0.0000000000,6.540000,0.080151,6.540000,10,0.000000,0,200,0,19966,19966,0,1125,4712511,4712511,767918,767918,1.000000,27507.600000,0,200,0,5501520,464.340,852,targeted_sweep,BG1_first4_high_rate,F,F_ch6_app8_q8_m6_g1.542_s1_b1,6,8,8,6,1.542,1,1,0.324254,0.009968,0-2-1-3,200,200,True,71
G_ch6_app9_q9_m7_g1.32_s1_b1,fixed,4.4,200,0,0.00000000,0.00000000,0.01884533,0,0.0000000000,6.555000,0.079476,6.555000,11,0.000000,0,200,0,1977,1977,0,0,16030,16030,143,143,1.000000,90.750000,0,200,0,18150,465.405,852,targeted_sweep,BG1_first4_high_rate,G,G_ch6_app9_q9_m7_g1.32_s1_b1,6,9,9,7,1.32,1,1,0.378788,0.001000,0-2-1-3,200,200,True,71
G_ch6_app9_q9_m7_g1.32_s2_b2,fixed,4.4,200,0,0.00000000,0.00000000,0.01884533,0,0.0000000000,6.555000,0.079476,6.555000,11,0.000000,0,200,0,1977,1977,0,190,2374071,2374071,296646,296646,1.000000,13364.420000,0,200,0,2672884,465.405,852,targeted_sweep,BG1_first4_high_rate,G,G_ch6_app9_q9_m7_g1.32_s2_b2,6,9,9,7,1.32,2,2,0.378788,0.001000,0-2-1-3,200,200,True,71
float,float,4.6,200,0,0.00000000,0.00000000,0.01884533,0,0.0000000000,5.295000,0.064113,5.295000,11,0.000000,0,200,0,0,0,0,0,0,0,0,0,0.000000,0.000000,0,0,0,0,375.945,852,targeted_sweep,BG1_first4_high_rate,float,float_beta0p25,,,,,,,0.25,,,0-2-1-3,200,200,True,71
WIDE,fixed,4.6,200,0,0.00000000,0.00000000,0.01884533,0,0.0000000000,5.290000,0.062038,5.290000,11,0.000000,0,200,0,3,3,0,0,0,0,0,0,0.015000,0.015000,0,3,0,3,375.590,852,targeted_sweep,BG1_first4_high_rate,WIDE,WIDE_ch8_app12_q12_m10_g4_s0_b1,8,12,12,10,4.0,0,1,0.250000,0.000003,0-2-1-3,200,200,True,71
C_ch5_app7_q7_m6_g0.759_s1_b1,fixed,4.6,200,0,0.00000000,0.00000000,0.01884533,0,0.0000000000,6.095000,0.062846,6.095000,11,0.000000,0,200,0,29755,29755,0,196,0,0,336002,336002,1.000000,1829.765000,0,200,0,365953,432.745,852,targeted_sweep,BG1_first4_high_rate,C,C_ch5_app7_q7_m6_g0.759_s1_b1,5,7,7,6,0.759,1,1,0.658762,0.010010,0-2-1-3,200,200,True,71
C_ch5_app7_q7_m6_g0.759_s2_b1,fixed,4.6,200,19,0.09500000,0.06166310,0.14360161,148747,0.0880368134,5.910000,0.151407,5.270718,12,0.095000,0,181,19,29755,29755,0,305444,11885,11885,6302746,6302746,1.000000,33249.150000,19,181,899750,5750080,419.610,852,targeted_sweep,BG1_first4_high_rate,C,C_ch5_app7_q7_m6_g0.759_s2_b1,5,7,7,6,0.759,2,1,0.329381,0.010010,0-2-1-3,200,200,True,71
D_ch5_app8_q8_m6_g0.759_s2_b1,fixed,4.6,200,0,0.00000000,0.00000000,0.01884533,0,0.0000000000,5.375000,0.064363,5.375000,11,0.000000,0,200,0,29755,29755,0,805,4181016,4181016,716570,716570,1.000000,24640.730000,0,200,0,4928146,381.625,852,targeted_sweep,BG1_first4_high_rate,D,D_ch5_app8_q8_m6_g0.759_s2_b1,5,8,8,6,0.759,2,1,0.329381,0.010010,0-2-1-3,200,200,True,71
D_ch5_app8_q8_m6_g0.99_s2_b1,fixed,4.6,200,1,0.00500000,0.00088317,0.02777370,8268,0.0048934659,5.380000,0.071790,5.346734,12,0.005000,0,199,1,247481,247481,0,16512,8928701,8928701,2372834,2372834,1.000000,57827.640000,1,199,159669,11405859,381.980,852,targeted_sweep,BG1_first4_high_rate,D,D_ch5_app8_q8_m6_g0.99_s2_b1,5,8,8,6,0.99,2,1,0.252525,0.100027,0-2-1-3,200,200,True,71
F_ch6_app8_q8_m6_g1.32_s1_b1,fixed,4.6,200,0,0.00000000,0.00000000,0.01884533,0,0.0000000000,5.270000,0.055687,5.270000,9,0.000000,0,200,0,3492,3492,0,241,2210768,2210768,270041,270041,1.000000,12422.710000,0,200,0,2484542,374.170,852,targeted_sweep,BG1_first4_high_rate,F,F_ch6_app8_q8_m6_g1.32_s1_b1,6,8,8,6,1.32,1,1,0.378788,0.001000,0-2-1-3,200,200,True,71
F_ch6_app8_q8_m6_g1.542_s1_b1,fixed,4.6,200,0,0.00000000,0.00000000,0.01884533,0,0.0000000000,5.230000,0.059186,5.230000,10,0.000000,0,200,0,29651,29651,0,1134,4235810,4235810,683298,683298,1.000000,24749.465000,0,200,0,4949893,371.330,852,targeted_sweep,BG1_first4_high_rate,F,F_ch6_app8_q8_m6_g1.542_s1_b1,6,8,8,6,1.542,1,1,0.324254,0.009968,0-2-1-3,200,200,True,71
G_ch6_app9_q9_m7_g1.32_s1_b1,fixed,4.6,200,0,0.00000000,0.00000000,0.01884533,0,0.0000000000,5.270000,0.055687,5.270000,9,0.000000,0,200,0,3492,3492,0,0,18070,18070,68,68,1.000000,108.150000,0,200,0,21630,374.170,852,targeted_sweep,BG1_first4_high_rate,G,G_ch6_app9_q9_m7_g1.32_s1_b1,6,9,9,7,1.32,1,1,0.378788,0.001000,0-2-1-3,200,200,True,71
G_ch6_app9_q9_m7_g1.32_s2_b2,fixed,4.6,200,0,0.00000000,0.00000000,0.01884533,0,0.0000000000,5.270000,0.055687,5.270000,9,0.000000,0,200,0,3492,3492,0,241,2210773,2210773,270128,270128,1.000000,12423.170000,0,200,0,2484634,374.170,852,targeted_sweep,BG1_first4_high_rate,G,G_ch6_app9_q9_m7_g1.32_s2_b2,6,9,9,7,1.32,2,2,0.378788,0.001000,0-2-1-3,200,200,True,71
float,float,4.9,200,0,0.00000000,0.00000000,0.01884533,0,0.0000000000,4.210000,0.034430,4.210000,6,0.000000,0,200,0,0,0,0,0,0,0,0,0,0.000000,0.000000,0,0,0,0,298.910,852,targeted_sweep,BG1_first4_high_rate,float,float_beta0p25,,,,,,,0.25,,,0-2-1-3,200,200,True,71
WIDE,fixed,4.9,200,0,0.00000000,0.00000000,0.01884533,0,0.0000000000,4.210000,0.035152,4.210000,6,0.000000,0,200,0,11,11,0,0,0,0,0,0,0.055000,0.055000,0,11,0,11,298.910,852,targeted_sweep,BG1_first4_high_rate,WIDE,WIDE_ch8_app12_q12_m10_g4_s0_b1,8,12,12,10,4.0,0,1,0.250000,0.000003,0-2-1-3,200,200,True,71
C_ch5_app7_q7_m6_g0.759_s1_b1,fixed,4.9,200,0,0.00000000,0.00000000,0.01884533,0,0.0000000000,4.670000,0.040169,4.670000,6,0.000000,0,200,0,52439,52439,0,424,0,0,536038,536038,1.000000,2944.505000,0,200,0,588901,331.570,852,targeted_sweep,BG1_first4_high_rate,C,C_ch5_app7_q7_m6_g0.759_s1_b1,5,7,7,6,0.759,1,1,0.658762,0.010010,0-2-1-3,200,200,True,71
C_ch5_app7_q7_m6_g0.759_s2_b1,fixed,4.9,200,23,0.11500000,0.07786373,0.16664717,180878,0.1070537405,5.055000,0.179362,4.152542,12,0.115000,0,177,23,52439,52439,0,321895,15976,15976,6200912,6200912,1.000000,32956.110000,23,177,1076574,5514648,358.905,852,targeted_sweep,BG1_first4_high_rate,C,C_ch5_app7_q7_m6_g0.759_s2_b1,5,7,7,6,0.759,2,1,0.329381,0.010010,0-2-1-3,200,200,True,71
D_ch5_app8_q8_m6_g0.759_s2_b1,fixed,4.9,200,0,0.00000000,0.00000000,0.01884533,0,0.0000000000,4.260000,0.034174,4.260000,6,0.000000,0,200,0,52439,52439,0,1486,4054165,4054165,792176,792176,1.000000,24501.330000,0,200,0,4900266,302.460,852,targeted_sweep,BG1_first4_high_rate,D,D_ch5_app8_q8_m6_g0.759_s2_b1,5,8,8,6,0.759,2,1,0.329381,0.010010,0-2-1-3,200,200,True,71
D_ch5_app8_q8_m6_g0.99_s2_b1,fixed,4.9,200,1,0.00500000,0.00088317,0.02777370,8068,0.0047750947,4.290000,0.049920,4.251256,12,0.005000,0,199,1,336192,336192,0,20758,7789958,7789958,2450792,2450792,1.000000,52988.500000,1,199,146996,10450704,304.590,852,targeted_sweep,BG1_first4_high_rate,D,D_ch5_app8_q8_m6_g0.99_s2_b1,5,8,8,6,0.99,2,1,0.252525,0.100027,0-2-1-3,200,200,True,71
F_ch6_app8_q8_m6_g1.32_s1_b1,fixed,4.9,200,0,0.00000000,0.00000000,0.01884533,0,0.0000000000,4.260000,0.036312,4.260000,6,0.000000,0,200,0,7837,7837,0,262,2500050,2500050,415233,415233,1.000000,14616.910000,0,200,0,2923382,302.460,852,targeted_sweep,BG1_first4_high_rate,F,F_ch6_app8_q8_m6_g1.32_s1_b1,6,8,8,6,1.32,1,1,0.378788,0.001000,0-2-1-3,200,200,True,71
F_ch6_app8_q8_m6_g1.542_s1_b1,fixed,4.9,200,0,0.00000000,0.00000000,0.01884533,0,0.0000000000,4.240000,0.033430,4.240000,5,0.000000,0,200,0,52275,52275,0,1846,4356286,4356286,920597,920597,1.000000,26655.020000,0,200,0,5331004,301.040,852,targeted_sweep,BG1_first4_high_rate,F,F_ch6_app8_q8_m6_g1.542_s1_b1,6,8,8,6,1.542,1,1,0.324254,0.009968,0-2-1-3,200,200,True,71
G_ch6_app9_q9_m7_g1.32_s1_b1,fixed,4.9,200,0,0.00000000,0.00000000,0.01884533,0,0.0000000000,4.260000,0.036312,4.260000,6,0.000000,0,200,0,7837,7837,0,0,23061,23061,289,289,1.000000,155.935000,0,200,0,31187,302.460,852,targeted_sweep,BG1_first4_high_rate,G,G_ch6_app9_q9_m7_g1.32_s1_b1,6,9,9,7,1.32,1,1,0.378788,0.001000,0-2-1-3,200,200,True,71
G_ch6_app9_q9_m7_g1.32_s2_b2,fixed,4.9,200,0,0.00000000,0.00000000,0.01884533,0,0.0000000000,4.260000,0.036312,4.260000,6,0.000000,0,200,0,7837,7837,0,262,2500050,2500050,415233,415233,1.000000,14616.910000,0,200,0,2923382,302.460,852,targeted_sweep,BG1_first4_high_rate,G,G_ch6_app9_q9_m7_g1.32_s2_b2,6,9,9,7,1.32,2,2,0.378788,0.001000,0-2-1-3,200,200,True,71
