label,model,EbN0_dB,blocks,block_errors,BLER,bit_errors_info,BER,avg_iterations,avg_success_iterations,max_iterations_observed,fraction_reaching_max_iterations,undetected_errors,syndrome_pass_count,convergence_failures,channel_saturation_count,q_sub_saturation_count,min_input_clip_count,app_add_saturation_count,saturation_block_fraction,saturation_events_per_block,expected_core_cycles,worst_configured_core_cycles,profile,candidate,w_CH,w_APP,w_q,w_M,channel_gain,beta,layer_order,iteration_boundary_cycles
float_beta_0.0,float,4.9,20,0,0.00000000,0,0.0000000000,4.400000,4.400000,6,0.000000,0,20,0,0,0,0,0,0.000000,0.000000,312.400,852,BG1_first4_high_rate,float,,,,,,0.0,0-2-1-3,71
float_beta_0.25,float,4.9,20,0,0.00000000,0,0.0000000000,4.200000,4.200000,5,0.000000,0,20,0,0,0,0,0,0.000000,0.000000,298.200,852,BG1_first4_high_rate,float,,,,,,0.25,0-2-1-3,71
float_beta_0.5,float,4.9,20,0,0.00000000,0,0.0000000000,4.250000,4.250000,5,0.000000,0,20,0,0,0,0,0,0.000000,0.000000,301.750,852,BG1_first4_high_rate,float,,,,,,0.5,0-2-1-3,71
float_beta_0.75,float,4.9,20,0,0.00000000,0,0.0000000000,4.850000,4.850000,6,0.000000,0,20,0,0,0,0,0,0.000000,0.000000,344.350,852,BG1_first4_high_rate,float,,,,,,0.75,0-2-1-3,71
float_beta_1.0,float,4.9,20,0,0.00000000,0,0.0000000000,5.800000,5.800000,7,0.000000,0,20,0,0,0,0,0,0.000000,0.000000,411.800,852,BG1_first4_high_rate,float,,,,,,1.0,0-2-1-3,71
A_g0.5_b0,fixed,4.9,20,0,0.00000000,0,0.0000000000,4.750000,4.750000,8,0.000000,0,20,0,40871,0,0,14952,1.000000,2791.150000,337.250,852,BG1_first4_high_rate,A,4,6,6,5,0.5,0,0-2-1-3,71
A_g0.5_b1,fixed,4.9,20,20,1.00000000,902,0.0053385417,12.000000,0.000000,12,1.000000,0,0,20,40871,0,0,0,1.000000,2043.550000,852.000,852,BG1_first4_high_rate,A,4,6,6,5,0.5,1,0-2-1-3,71
A_g0.5_b2,fixed,4.9,20,20,1.00000000,764,0.0045217803,12.000000,0.000000,12,1.000000,0,0,20,40871,0,0,0,1.000000,2043.550000,852.000,852,BG1_first4_high_rate,A,4,6,6,5,0.5,2,0-2-1-3,71
A_g0.5_b3,fixed,4.9,20,20,1.00000000,759,0.0044921875,12.000000,0.000000,12,1.000000,0,0,20,40871,0,0,0,1.000000,2043.550000,852.000,852,BG1_first4_high_rate,A,4,6,6,5,0.5,3,0-2-1-3,71
A_g0.75_b0,fixed,4.9,20,0,0.00000000,0,0.0000000000,4.600000,4.600000,7,0.000000,0,20,0,112858,46,0,80433,1.000000,9666.850000,326.600,852,BG1_first4_high_rate,A,4,6,6,5,0.75,0,0-2-1-3,71
A_g0.75_b1,fixed,4.9,20,11,0.55000000,362,0.0021425189,11.350000,10.555556,12,0.650000,0,9,11,112858,0,0,18197,1.000000,6552.750000,805.850,852,BG1_first4_high_rate,A,4,6,6,5,0.75,1,0-2-1-3,71
A_g0.75_b2,fixed,4.9,20,20,1.00000000,988,0.0058475379,12.000000,0.000000,12,1.000000,0,0,20,112858,0,0,0,1.000000,5642.900000,852.000,852,BG1_first4_high_rate,A,4,6,6,5,0.75,2,0-2-1-3,71
A_g0.75_b3,fixed,4.9,20,20,1.00000000,914,0.0054095644,12.000000,0.000000,12,1.000000,0,0,20,112858,0,0,0,1.000000,5642.900000,852.000,852,BG1_first4_high_rate,A,4,6,6,5,0.75,3,0-2-1-3,71
A_g1.0_b0,fixed,4.9,20,0,0.00000000,0,0.0000000000,4.650000,4.650000,7,0.000000,0,20,0,145958,49,0,82633,1.000000,11432.000000,330.150,852,BG1_first4_high_rate,A,4,6,6,5,1.0,0,0-2-1-3,71
A_g1.0_b1,fixed,4.9,20,0,0.00000000,0,0.0000000000,5.900000,5.900000,7,0.000000,0,20,0,145958,0,0,17776,1.000000,8186.700000,418.900,852,BG1_first4_high_rate,A,4,6,6,5,1.0,1,0-2-1-3,71
A_g1.0_b2,fixed,4.9,20,20,1.00000000,1253,0.0074159564,12.000000,0.000000,12,1.000000,0,0,20,145958,0,0,0,1.000000,7297.900000,852.000,852,BG1_first4_high_rate,A,4,6,6,5,1.0,2,0-2-1-3,71
A_g1.0_b3,fixed,4.9,20,20,1.00000000,1068,0.0063210227,12.000000,0.000000,12,1.000000,0,0,20,145958,0,0,0,1.000000,7297.900000,852.000,852,BG1_first4_high_rate,A,4,6,6,5,1.0,3,0-2-1-3,71
A_g1.25_b0,fixed,4.9,20,0,0.00000000,0,0.0000000000,5.100000,5.100000,9,0.000000,0,20,0,160549,289,0,159801,1.000000,16031.950000,362.100,852,BG1_first4_high_rate,A,4,6,6,5,1.25,0,0-2-1-3,71
A_g1.25_b1,fixed,4.9,20,0,0.00000000,0,0.0000000000,5.050000,5.050000,8,0.000000,0,20,0,160549,4,0,29928,1.000000,9524.050000,358.550,852,BG1_first4_high_rate,A,4,6,6,5,1.25,1,0-2-1-3,71
A_g1.25_b2,fixed,4.9,20,20,1.00000000,1418,0.0083925189,12.000000,0.000000,12,1.000000,0,0,20,160549,0,0,0,1.000000,8027.450000,852.000,852,BG1_first4_high_rate,A,4,6,6,5,1.25,2,0-2-1-3,71
A_g1.25_b3,fixed,4.9,20,20,1.00000000,1234,0.0073035038,12.000000,0.000000,12,1.000000,0,0,20,160549,0,0,0,1.000000,8027.450000,852.000,852,BG1_first4_high_rate,A,4,6,6,5,1.25,3,0-2-1-3,71
B_g0.5_b0,fixed,4.9,20,0,0.00000000,0,0.0000000000,4.750000,4.750000,8,0.000000,0,20,0,40871,0,28,0,1.000000,2044.950000,337.250,852,BG1_first4_high_rate,B,4,7,7,5,0.5,0,0-2-1-3,71
B_g0.5_b1,fixed,4.9,20,20,1.00000000,902,0.0053385417,12.000000,0.000000,12,1.000000,0,0,20,40871,0,0,0,1.000000,2043.550000,852.000,852,BG1_first4_high_rate,B,4,7,7,5,0.5,1,0-2-1-3,71
B_g0.5_b2,fixed,4.9,20,20,1.00000000,764,0.0045217803,12.000000,0.000000,12,1.000000,0,0,20,40871,0,0,0,1.000000,2043.550000,852.000,852,BG1_first4_high_rate,B,4,7,7,5,0.5,2,0-2-1-3,71
B_g0.5_b3,fixed,4.9,20,20,1.00000000,759,0.0044921875,12.000000,0.000000,12,1.000000,0,0,20,40871,0,0,0,1.000000,2043.550000,852.000,852,BG1_first4_high_rate,B,4,7,7,5,0.5,3,0-2-1-3,71
B_g0.75_b0,fixed,4.9,20,0,0.00000000,0,0.0000000000,4.600000,4.600000,7,0.000000,0,20,0,112858,0,3656,0,1.000000,5825.700000,326.600,852,BG1_first4_high_rate,B,4,7,7,5,0.75,0,0-2-1-3,71
B_g0.75_b1,fixed,4.9,20,11,0.55000000,362,0.0021425189,11.350000,10.555556,12,0.650000,0,9,11,112858,0,1710,0,1.000000,5728.400000,805.850,852,BG1_first4_high_rate,B,4,7,7,5,0.75,1,0-2-1-3,71
B_g0.75_b2,fixed,4.9,20,20,1.00000000,988,0.0058475379,12.000000,0.000000,12,1.000000,0,0,20,112858,0,0,0,1.000000,5642.900000,852.000,852,BG1_first4_high_rate,B,4,7,7,5,0.75,2,0-2-1-3,71
B_g0.75_b3,fixed,4.9,20,20,1.00000000,914,0.0054095644,12.000000,0.000000,12,1.000000,0,0,20,112858,0,0,0,1.000000,5642.900000,852.000,852,BG1_first4_high_rate,B,4,7,7,5,0.75,3,0-2-1-3,71
B_g1.0_b0,fixed,4.9,20,0,0.00000000,0,0.0000000000,4.650000,4.650000,7,0.000000,0,20,0,145958,0,2615,0,1.000000,7428.650000,330.150,852,BG1_first4_high_rate,B,4,7,7,5,1.0,0,0-2-1-3,71
B_g1.0_b1,fixed,4.9,20,0,0.00000000,0,0.0000000000,5.900000,5.900000,7,0.000000,0,20,0,145958,0,97,0,1.000000,7302.750000,418.900,852,BG1_first4_high_rate,B,4,7,7,5,1.0,1,0-2-1-3,71
B_g1.0_b2,fixed,4.9,20,20,1.00000000,1253,0.0074159564,12.000000,0.000000,12,1.000000,0,0,20,145958,0,0,0,1.000000,7297.900000,852.000,852,BG1_first4_high_rate,B,4,7,7,5,1.0,2,0-2-1-3,71
B_g1.0_b3,fixed,4.9,20,20,1.00000000,1068,0.0063210227,12.000000,0.000000,12,1.000000,0,0,20,145958,0,0,0,1.000000,7297.900000,852.000,852,BG1_first4_high_rate,B,4,7,7,5,1.0,3,0-2-1-3,71
B_g1.25_b0,fixed,4.9,20,0,0.00000000,0,0.0000000000,5.100000,5.100000,9,0.000000,0,20,0,160549,0,13934,8,1.000000,8724.550000,362.100,852,BG1_first4_high_rate,B,4,7,7,5,1.25,0,0-2-1-3,71
B_g1.25_b1,fixed,4.9,20,0,0.00000000,0,0.0000000000,5.050000,5.050000,8,0.000000,0,20,0,160549,0,558,0,1.000000,8055.350000,358.550,852,BG1_first4_high_rate,B,4,7,7,5,1.25,1,0-2-1-3,71
B_g1.25_b2,fixed,4.9,20,20,1.00000000,1418,0.0083925189,12.000000,0.000000,12,1.000000,0,0,20,160549,0,0,0,1.000000,8027.450000,852.000,852,BG1_first4_high_rate,B,4,7,7,5,1.25,2,0-2-1-3,71
B_g1.25_b3,fixed,4.9,20,20,1.00000000,1234,0.0073035038,12.000000,0.000000,12,1.000000,0,0,20,160549,0,0,0,1.000000,8027.450000,852.000,852,BG1_first4_high_rate,B,4,7,7,5,1.25,3,0-2-1-3,71
C_g0.5_b0,fixed,4.9,20,0,0.00000000,0,0.0000000000,4.750000,4.750000,8,0.000000,0,20,0,1,0,0,0,0.050000,0.050000,337.250,852,BG1_first4_high_rate,C,5,7,7,6,0.5,0,0-2-1-3,71
C_g0.5_b1,fixed,4.9,20,20,1.00000000,902,0.0053385417,12.000000,0.000000,12,1.000000,0,0,20,1,0,0,0,0.050000,0.050000,852.000,852,BG1_first4_high_rate,C,5,7,7,6,0.5,1,0-2-1-3,71
C_g0.5_b2,fixed,4.9,20,20,1.00000000,764,0.0045217803,12.000000,0.000000,12,1.000000,0,0,20,1,0,0,0,0.050000,0.050000,852.000,852,BG1_first4_high_rate,C,5,7,7,6,0.5,2,0-2-1-3,71
C_g0.5_b3,fixed,4.9,20,20,1.00000000,759,0.0044921875,12.000000,0.000000,12,1.000000,0,0,20,1,0,0,0,0.050000,0.050000,852.000,852,BG1_first4_high_rate,C,5,7,7,6,0.5,3,0-2-1-3,71
C_g0.75_b0,fixed,4.9,20,0,0.00000000,0,0.0000000000,4.500000,4.500000,6,0.000000,0,20,0,4521,0,0,194,1.000000,235.750000,319.500,852,BG1_first4_high_rate,C,5,7,7,6,0.75,0,0-2-1-3,71
C_g0.75_b1,fixed,4.9,20,11,0.55000000,362,0.0021425189,11.350000,10.555556,12,0.650000,0,9,11,4521,0,0,83,1.000000,230.200000,805.850,852,BG1_first4_high_rate,C,5,7,7,6,0.75,1,0-2-1-3,71
C_g0.75_b2,fixed,4.9,20,20,1.00000000,988,0.0058475379,12.000000,0.000000,12,1.000000,0,0,20,4521,0,0,0,1.000000,226.050000,852.000,852,BG1_first4_high_rate,C,5,7,7,6,0.75,2,0-2-1-3,71
C_g0.75_b3,fixed,4.9,20,20,1.00000000,914,0.0054095644,12.000000,0.000000,12,1.000000,0,0,20,4521,0,0,0,1.000000,226.050000,852.000,852,BG1_first4_high_rate,C,5,7,7,6,0.75,3,0-2-1-3,71
C_g1.0_b0,fixed,4.9,20,0,0.00000000,0,0.0000000000,4.500000,4.500000,6,0.000000,0,20,0,35246,0,0,13712,1.000000,2447.900000,319.500,852,BG1_first4_high_rate,C,5,7,7,6,1.0,0,0-2-1-3,71
C_g1.0_b1,fixed,4.9,20,0,0.00000000,0,0.0000000000,5.850000,5.850000,7,0.000000,0,20,0,35246,0,0,205,1.000000,1772.550000,415.350,852,BG1_first4_high_rate,C,5,7,7,6,1.0,1,0-2-1-3,71
C_g1.0_b2,fixed,4.9,20,20,1.00000000,1253,0.0074159564,12.000000,0.000000,12,1.000000,0,0,20,35246,0,0,0,1.000000,1762.300000,852.000,852,BG1_first4_high_rate,C,5,7,7,6,1.0,2,0-2-1-3,71
C_g1.0_b3,fixed,4.9,20,20,1.00000000,1068,0.0063210227,12.000000,0.000000,12,1.000000,0,0,20,35246,0,0,0,1.000000,1762.300000,852.000,852,BG1_first4_high_rate,C,5,7,7,6,1.0,3,0-2-1-3,71
C_g1.25_b0,fixed,4.9,20,0,0.00000000,0,0.0000000000,4.400000,4.400000,7,0.000000,0,20,0,76083,16,0,32024,1.000000,5406.150000,312.400,852,BG1_first4_high_rate,C,5,7,7,6,1.25,0,0-2-1-3,71
C_g1.25_b1,fixed,4.9,20,0,0.00000000,0,0.0000000000,4.850000,4.850000,6,0.000000,0,20,0,76083,0,0,2072,1.000000,3907.750000,344.350,852,BG1_first4_high_rate,C,5,7,7,6,1.25,1,0-2-1-3,71
C_g1.25_b2,fixed,4.9,20,20,1.00000000,1385,0.0081972064,12.000000,0.000000,12,1.000000,0,0,20,76083,0,0,0,1.000000,3804.150000,852.000,852,BG1_first4_high_rate,C,5,7,7,6,1.25,2,0-2-1-3,71
C_g1.25_b3,fixed,4.9,20,20,1.00000000,1233,0.0072975852,12.000000,0.000000,12,1.000000,0,0,20,76083,0,0,0,1.000000,3804.150000,852.000,852,BG1_first4_high_rate,C,5,7,7,6,1.25,3,0-2-1-3,71
D_g0.5_b0,fixed,4.9,20,0,0.00000000,0,0.0000000000,4.750000,4.750000,8,0.000000,0,20,0,1,0,0,0,0.050000,0.050000,337.250,852,BG1_first4_high_rate,D,5,8,8,6,0.5,0,0-2-1-3,71
D_g0.5_b1,fixed,4.9,20,20,1.00000000,902,0.0053385417,12.000000,0.000000,12,1.000000,0,0,20,1,0,0,0,0.050000,0.050000,852.000,852,BG1_first4_high_rate,D,5,8,8,6,0.5,1,0-2-1-3,71
D_g0.5_b2,fixed,4.9,20,20,1.00000000,764,0.0045217803,12.000000,0.000000,12,1.000000,0,0,20,1,0,0,0,0.050000,0.050000,852.000,852,BG1_first4_high_rate,D,5,8,8,6,0.5,2,0-2-1-3,71
D_g0.5_b3,fixed,4.9,20,20,1.00000000,759,0.0044921875,12.000000,0.000000,12,1.000000,0,0,20,1,0,0,0,0.050000,0.050000,852.000,852,BG1_first4_high_rate,D,5,8,8,6,0.5,3,0-2-1-3,71
D_g0.75_b0,fixed,4.9,20,0,0.00000000,0,0.0000000000,4.500000,4.500000,6,0.000000,0,20,0,4521,0,0,0,1.000000,226.050000,319.500,852,BG1_first4_high_rate,D,5,8,8,6,0.75,0,0-2-1-3,71
D_g0.75_b1,fixed,4.9,20,11,0.55000000,362,0.0021425189,11.350000,10.555556,12,0.650000,0,9,11,4521,0,0,0,1.000000,226.050000,805.850,852,BG1_first4_high_rate,D,5,8,8,6,0.75,1,0-2-1-3,71
D_g0.75_b2,fixed,4.9,20,20,1.00000000,988,0.0058475379,12.000000,0.000000,12,1.000000,0,0,20,4521,0,0,0,1.000000,226.050000,852.000,852,BG1_first4_high_rate,D,5,8,8,6,0.75,2,0-2-1-3,71
D_g0.75_b3,fixed,4.9,20,20,1.00000000,914,0.0054095644,12.000000,0.000000,12,1.000000,0,0,20,4521,0,0,0,1.000000,226.050000,852.000,852,BG1_first4_high_rate,D,5,8,8,6,0.75,3,0-2-1-3,71
D_g1.0_b0,fixed,4.9,20,0,0.00000000,0,0.0000000000,4.500000,4.500000,6,0.000000,0,20,0,35246,0,27,0,1.000000,1763.650000,319.500,852,BG1_first4_high_rate,D,5,8,8,6,1.0,0,0-2-1-3,71
D_g1.0_b1,fixed,4.9,20,0,0.00000000,0,0.0000000000,5.850000,5.850000,7,0.000000,0,20,0,35246,0,0,0,1.000000,1762.300000,415.350,852,BG1_first4_high_rate,D,5,8,8,6,1.0,1,0-2-1-3,71
D_g1.0_b2,fixed,4.9,20,20,1.00000000,1253,0.0074159564,12.000000,0.000000,12,1.000000,0,0,20,35246,0,0,0,1.000000,1762.300000,852.000,852,BG1_first4_high_rate,D,5,8,8,6,1.0,2,0-2-1-3,71
D_g1.0_b3,fixed,4.9,20,20,1.00000000,1068,0.0063210227,12.000000,0.000000,12,1.000000,0,0,20,35246,0,0,0,1.000000,1762.300000,852.000,852,BG1_first4_high_rate,D,5,8,8,6,1.0,3,0-2-1-3,71
D_g1.25_b0,fixed,4.9,20,0,0.00000000,0,0.0000000000,4.400000,4.400000,7,0.000000,0,20,0,76083,0,1119,0,1.000000,3860.100000,312.400,852,BG1_first4_high_rate,D,5,8,8,6,1.25,0,0-2-1-3,71
D_g1.25_b1,fixed,4.9,20,0,0.00000000,0,0.0000000000,4.850000,4.850000,6,0.000000,0,20,0,76083,0,0,0,1.000000,3804.150000,344.350,852,BG1_first4_high_rate,D,5,8,8,6,1.25,1,0-2-1-3,71
D_g1.25_b2,fixed,4.9,20,20,1.00000000,1385,0.0081972064,12.000000,0.000000,12,1.000000,0,0,20,76083,0,0,0,1.000000,3804.150000,852.000,852,BG1_first4_high_rate,D,5,8,8,6,1.25,2,0-2-1-3,71
D_g1.25_b3,fixed,4.9,20,20,1.00000000,1233,0.0072975852,12.000000,0.000000,12,1.000000,0,0,20,76083,0,0,0,1.000000,3804.150000,852.000,852,BG1_first4_high_rate,D,5,8,8,6,1.25,3,0-2-1-3,71
E_g0.5_b0,fixed,4.9,20,0,0.00000000,0,0.0000000000,4.750000,4.750000,8,0.000000,0,20,0,1,0,0,0,0.050000,0.050000,337.250,852,BG1_first4_high_rate,E,5,8,9,6,0.5,0,0-2-1-3,71
E_g0.5_b1,fixed,4.9,20,20,1.00000000,902,0.0053385417,12.000000,0.000000,12,1.000000,0,0,20,1,0,0,0,0.050000,0.050000,852.000,852,BG1_first4_high_rate,E,5,8,9,6,0.5,1,0-2-1-3,71
E_g0.5_b2,fixed,4.9,20,20,1.00000000,764,0.0045217803,12.000000,0.000000,12,1.000000,0,0,20,1,0,0,0,0.050000,0.050000,852.000,852,BG1_first4_high_rate,E,5,8,9,6,0.5,2,0-2-1-3,71
E_g0.5_b3,fixed,4.9,20,20,1.00000000,759,0.0044921875,12.000000,0.000000,12,1.000000,0,0,20,1,0,0,0,0.050000,0.050000,852.000,852,BG1_first4_high_rate,E,5,8,9,6,0.5,3,0-2-1-3,71
E_g0.75_b0,fixed,4.9,20,0,0.00000000,0,0.0000000000,4.500000,4.500000,6,0.000000,0,20,0,4521,0,0,0,1.000000,226.050000,319.500,852,BG1_first4_high_rate,E,5,8,9,6,0.75,0,0-2-1-3,71
E_g0.75_b1,fixed,4.9,20,11,0.55000000,362,0.0021425189,11.350000,10.555556,12,0.650000,0,9,11,4521,0,0,0,1.000000,226.050000,805.850,852,BG1_first4_high_rate,E,5,8,9,6,0.75,1,0-2-1-3,71
E_g0.75_b2,fixed,4.9,20,20,1.00000000,988,0.0058475379,12.000000,0.000000,12,1.000000,0,0,20,4521,0,0,0,1.000000,226.050000,852.000,852,BG1_first4_high_rate,E,5,8,9,6,0.75,2,0-2-1-3,71
E_g0.75_b3,fixed,4.9,20,20,1.00000000,914,0.0054095644,12.000000,0.000000,12,1.000000,0,0,20,4521,0,0,0,1.000000,226.050000,852.000,852,BG1_first4_high_rate,E,5,8,9,6,0.75,3,0-2-1-3,71
E_g1.0_b0,fixed,4.9,20,0,0.00000000,0,0.0000000000,4.500000,4.500000,6,0.000000,0,20,0,35246,0,27,0,1.000000,1763.650000,319.500,852,BG1_first4_high_rate,E,5,8,9,6,1.0,0,0-2-1-3,71
E_g1.0_b1,fixed,4.9,20,0,0.00000000,0,0.0000000000,5.850000,5.850000,7,0.000000,0,20,0,35246,0,0,0,1.000000,1762.300000,415.350,852,BG1_first4_high_rate,E,5,8,9,6,1.0,1,0-2-1-3,71
E_g1.0_b2,fixed,4.9,20,20,1.00000000,1253,0.0074159564,12.000000,0.000000,12,1.000000,0,0,20,35246,0,0,0,1.000000,1762.300000,852.000,852,BG1_first4_high_rate,E,5,8,9,6,1.0,2,0-2-1-3,71
E_g1.0_b3,fixed,4.9,20,20,1.00000000,1068,0.0063210227,12.000000,0.000000,12,1.000000,0,0,20,35246,0,0,0,1.000000,1762.300000,852.000,852,BG1_first4_high_rate,E,5,8,9,6,1.0,3,0-2-1-3,71
E_g1.25_b0,fixed,4.9,20,0,0.00000000,0,0.0000000000,4.400000,4.400000,7,0.000000,0,20,0,76083,0,1119,0,1.000000,3860.100000,312.400,852,BG1_first4_high_rate,E,5,8,9,6,1.25,0,0-2-1-3,71
E_g1.25_b1,fixed,4.9,20,0,0.00000000,0,0.0000000000,4.850000,4.850000,6,0.000000,0,20,0,76083,0,0,0,1.000000,3804.150000,344.350,852,BG1_first4_high_rate,E,5,8,9,6,1.25,1,0-2-1-3,71
E_g1.25_b2,fixed,4.9,20,20,1.00000000,1385,0.0081972064,12.000000,0.000000,12,1.000000,0,0,20,76083,0,0,0,1.000000,3804.150000,852.000,852,BG1_first4_high_rate,E,5,8,9,6,1.25,2,0-2-1-3,71
E_g1.25_b3,fixed,4.9,20,20,1.00000000,1233,0.0072975852,12.000000,0.000000,12,1.000000,0,0,20,76083,0,0,0,1.000000,3804.150000,852.000,852,BG1_first4_high_rate,E,5,8,9,6,1.25,3,0-2-1-3,71
F_g0.5_b0,fixed,4.9,20,0,0.00000000,0,0.0000000000,4.750000,4.750000,8,0.000000,0,20,0,0,0,0,0,0.000000,0.000000,337.250,852,BG1_first4_high_rate,F,6,8,8,6,0.5,0,0-2-1-3,71
F_g0.5_b1,fixed,4.9,20,20,1.00000000,902,0.0053385417,12.000000,0.000000,12,1.000000,0,0,20,0,0,0,0,0.000000,0.000000,852.000,852,BG1_first4_high_rate,F,6,8,8,6,0.5,1,0-2-1-3,71
F_g0.5_b2,fixed,4.9,20,20,1.00000000,764,0.0045217803,12.000000,0.000000,12,1.000000,0,0,20,0,0,0,0,0.000000,0.000000,852.000,852,BG1_first4_high_rate,F,6,8,8,6,0.5,2,0-2-1-3,71
F_g0.5_b3,fixed,4.9,20,20,1.00000000,759,0.0044921875,12.000000,0.000000,12,1.000000,0,0,20,0,0,0,0,0.000000,0.000000,852.000,852,BG1_first4_high_rate,F,6,8,8,6,0.5,3,0-2-1-3,71
F_g0.75_b0,fixed,4.9,20,0,0.00000000,0,0.0000000000,4.500000,4.500000,6,0.000000,0,20,0,0,0,0,0,0.000000,0.000000,319.500,852,BG1_first4_high_rate,F,6,8,8,6,0.75,0,0-2-1-3,71
F_g0.75_b1,fixed,4.9,20,11,0.55000000,362,0.0021425189,11.350000,10.555556,12,0.650000,0,9,11,0,0,0,0,0.000000,0.000000,805.850,852,BG1_first4_high_rate,F,6,8,8,6,0.75,1,0-2-1-3,71
F_g0.75_b2,fixed,4.9,20,20,1.00000000,988,0.0058475379,12.000000,0.000000,12,1.000000,0,0,20,0,0,0,0,0.000000,0.000000,852.000,852,BG1_first4_high_rate,F,6,8,8,6,0.75,2,0-2-1-3,71
F_g0.75_b3,fixed,4.9,20,20,1.00000000,914,0.0054095644,12.000000,0.000000,12,1.000000,0,0,20,0,0,0,0,0.000000,0.000000,852.000,852,BG1_first4_high_rate,F,6,8,8,6,0.75,3,0-2-1-3,71
F_g1.0_b0,fixed,4.9,20,0,0.00000000,0,0.0000000000,4.500000,4.500000,6,0.000000,0,20,0,0,0,91,0,0.150000,4.550000,319.500,852,BG1_first4_high_rate,F,6,8,8,6,1.0,0,0-2-1-3,71
F_g1.0_b1,fixed,4.9,20,0,0.00000000,0,0.0000000000,5.850000,5.850000,7,0.000000,0,20,0,0,0,0,0,0.000000,0.000000,415.350,852,BG1_first4_high_rate,F,6,8,8,6,1.0,1,0-2-1-3,71
F_g1.0_b2,fixed,4.9,20,20,1.00000000,1253,0.0074159564,12.000000,0.000000,12,1.000000,0,0,20,0,0,0,0,0.000000,0.000000,852.000,852,BG1_first4_high_rate,F,6,8,8,6,1.0,2,0-2-1-3,71
F_g1.0_b3,fixed,4.9,20,20,1.00000000,1068,0.0063210227,12.000000,0.000000,12,1.000000,0,0,20,0,0,0,0,0.000000,0.000000,852.000,852,BG1_first4_high_rate,F,6,8,8,6,1.0,3,0-2-1-3,71
F_g1.25_b0,fixed,4.9,20,0,0.00000000,0,0.0000000000,4.350000,4.350000,6,0.000000,0,20,0,279,0,1861,0,1.000000,107.000000,308.850,852,BG1_first4_high_rate,F,6,8,8,6,1.25,0,0-2-1-3,71
F_g1.25_b1,fixed,4.9,20,0,0.00000000,0,0.0000000000,4.850000,4.850000,6,0.000000,0,20,0,279,0,17,0,1.000000,14.800000,344.350,852,BG1_first4_high_rate,F,6,8,8,6,1.25,1,0-2-1-3,71
F_g1.25_b2,fixed,4.9,20,20,1.00000000,1385,0.0081972064,12.000000,0.000000,12,1.000000,0,0,20,279,0,0,0,1.000000,13.950000,852.000,852,BG1_first4_high_rate,F,6,8,8,6,1.25,2,0-2-1-3,71
F_g1.25_b3,fixed,4.9,20,20,1.00000000,1233,0.0072975852,12.000000,0.000000,12,1.000000,0,0,20,279,0,0,0,1.000000,13.950000,852.000,852,BG1_first4_high_rate,F,6,8,8,6,1.25,3,0-2-1-3,71
G_g0.5_b0,fixed,4.9,20,0,0.00000000,0,0.0000000000,4.750000,4.750000,8,0.000000,0,20,0,0,0,0,0,0.000000,0.000000,337.250,852,BG1_first4_high_rate,G,6,9,9,7,0.5,0,0-2-1-3,71
G_g0.5_b1,fixed,4.9,20,20,1.00000000,902,0.0053385417,12.000000,0.000000,12,1.000000,0,0,20,0,0,0,0,0.000000,0.000000,852.000,852,BG1_first4_high_rate,G,6,9,9,7,0.5,1,0-2-1-3,71
G_g0.5_b2,fixed,4.9,20,20,1.00000000,764,0.0045217803,12.000000,0.000000,12,1.000000,0,0,20,0,0,0,0,0.000000,0.000000,852.000,852,BG1_first4_high_rate,G,6,9,9,7,0.5,2,0-2-1-3,71
G_g0.5_b3,fixed,4.9,20,20,1.00000000,759,0.0044921875,12.000000,0.000000,12,1.000000,0,0,20,0,0,0,0,0.000000,0.000000,852.000,852,BG1_first4_high_rate,G,6,9,9,7,0.5,3,0-2-1-3,71
G_g0.75_b0,fixed,4.9,20,0,0.00000000,0,0.0000000000,4.500000,4.500000,6,0.000000,0,20,0,0,0,0,0,0.000000,0.000000,319.500,852,BG1_first4_high_rate,G,6,9,9,7,0.75,0,0-2-1-3,71
G_g0.75_b1,fixed,4.9,20,11,0.55000000,362,0.0021425189,11.350000,10.555556,12,0.650000,0,9,11,0,0,0,0,0.000000,0.000000,805.850,852,BG1_first4_high_rate,G,6,9,9,7,0.75,1,0-2-1-3,71
G_g0.75_b2,fixed,4.9,20,20,1.00000000,988,0.0058475379,12.000000,0.000000,12,1.000000,0,0,20,0,0,0,0,0.000000,0.000000,852.000,852,BG1_first4_high_rate,G,6,9,9,7,0.75,2,0-2-1-3,71
G_g0.75_b3,fixed,4.9,20,20,1.00000000,914,0.0054095644,12.000000,0.000000,12,1.000000,0,0,20,0,0,0,0,0.000000,0.000000,852.000,852,BG1_first4_high_rate,G,6,9,9,7,0.75,3,0-2-1-3,71
G_g1.0_b0,fixed,4.9,20,0,0.00000000,0,0.0000000000,4.500000,4.500000,6,0.000000,0,20,0,0,0,0,0,0.000000,0.000000,319.500,852,BG1_first4_high_rate,G,6,9,9,7,1.0,0,0-2-1-3,71
G_g1.0_b1,fixed,4.9,20,0,0.00000000,0,0.0000000000,5.850000,5.850000,7,0.000000,0,20,0,0,0,0,0,0.000000,0.000000,415.350,852,BG1_first4_high_rate,G,6,9,9,7,1.0,1,0-2-1-3,71
G_g1.0_b2,fixed,4.9,20,20,1.00000000,1253,0.0074159564,12.000000,0.000000,12,1.000000,0,0,20,0,0,0,0,0.000000,0.000000,852.000,852,BG1_first4_high_rate,G,6,9,9,7,1.0,2,0-2-1-3,71
G_g1.0_b3,fixed,4.9,20,20,1.00000000,1068,0.0063210227,12.000000,0.000000,12,1.000000,0,0,20,0,0,0,0,0.000000,0.000000,852.000,852,BG1_first4_high_rate,G,6,9,9,7,1.0,3,0-2-1-3,71
G_g1.25_b0,fixed,4.9,20,0,0.00000000,0,0.0000000000,4.350000,4.350000,6,0.000000,0,20,0,279,0,0,0,1.000000,13.950000,308.850,852,BG1_first4_high_rate,G,6,9,9,7,1.25,0,0-2-1-3,71
G_g1.25_b1,fixed,4.9,20,0,0.00000000,0,0.0000000000,4.850000,4.850000,6,0.000000,0,20,0,279,0,0,0,1.000000,13.950000,344.350,852,BG1_first4_high_rate,G,6,9,9,7,1.25,1,0-2-1-3,71
G_g1.25_b2,fixed,4.9,20,20,1.00000000,1385,0.0081972064,12.000000,0.000000,12,1.000000,0,0,20,279,0,0,0,1.000000,13.950000,852.000,852,BG1_first4_high_rate,G,6,9,9,7,1.25,2,0-2-1-3,71
G_g1.25_b3,fixed,4.9,20,20,1.00000000,1233,0.0072975852,12.000000,0.000000,12,1.000000,0,0,20,279,0,0,0,1.000000,13.950000,852.000,852,BG1_first4_high_rate,G,6,9,9,7,1.25,3,0-2-1-3,71
