base_graph,profile,z,i_ls,cycles,layer_order,acc_instructions,rec_instructions,max_q_slots,max_forward_occupancy
1,first4,2,0,70,0-2-1-3,40,40,10,8
1,first4,3,1,70,0-2-1-3,40,40,10,8
1,first4,4,0,70,0-2-1-3,40,40,10,8
1,first4,5,2,70,0-2-1-3,40,40,10,8
1,first4,6,1,70,0-2-1-3,40,40,10,8
1,first4,7,3,70,0-2-1-3,40,40,10,8
1,first4,8,0,70,0-2-1-3,40,40,10,8
1,first4,9,4,70,0-2-1-3,40,40,10,8
1,first4,10,2,70,0-2-1-3,40,40,10,8
1,first4,11,5,70,0-2-1-3,40,40,10,8
1,first4,12,1,70,0-2-1-3,40,40,10,8
1,first4,13,6,70,0-2-1-3,40,40,10,8
1,first4,14,3,70,0-2-1-3,40,40,10,8
1,first4,15,7,70,0-2-1-3,40,40,10,8
1,first4,16,0,70,0-2-1-3,40,40,10,8
1,first4,18,4,70,0-2-1-3,40,40,10,8
1,first4,20,2,70,0-2-1-3,40,40,10,8
1,first4,22,5,70,0-2-1-3,40,40,10,8
1,first4,24,1,70,0-2-1-3,40,40,10,8
1,first4,26,6,70,0-2-1-3,40,40,10,8
1,first4,28,3,70,0-2-1-3,40,40,10,8
1,first4,30,7,70,0-2-1-3,40,40,10,8
1,first4,32,0,70,0-2-1-3,40,40,10,8
1,first4,36,4,70,0-2-1-3,40,40,10,8
1,first4,40,2,70,0-2-1-3,40,40,10,8
1,first4,44,5,70,0-2-1-3,40,40,10,8
1,first4,48,1,70,0-2-1-3,40,40,10,8
1,first4,52,6,70,0-2-1-3,40,40,10,8
1,first4,56,3,70,0-2-1-3,40,40,10,8
1,first4,60,7,70,0-2-1-3,40,40,10,8
1,first4,64,0,70,0-2-1-3,40,40,10,8
1,first4,72,4,70,0-2-1-3,40,40,10,8
1,first4,80,2,70,0-2-1-3,40,40,10,8
1,first4,88,5,70,0-2-1-3,40,40,10,8
1,first4,96,1,70,0-2-1-3,40,40,10,8
1,first4,104,6,70,0-2-1-3,40,40,10,8
1,first4,112,3,70,0-2-1-3,40,40,10,8
1,first4,120,7,70,0-2-1-3,40,40,10,8
1,first4,128,0,70,0-2-1-3,40,40,10,8
1,first4,144,4,70,0-2-1-3,40,40,10,8
1,first4,160,2,70,0-2-1-3,40,40,10,8
1,first4,176,5,70,0-2-1-3,40,40,10,8
1,first4,192,1,70,0-2-1-3,40,40,10,8
1,first4,208,6,70,0-2-1-3,40,40,10,8
1,first4,224,3,70,0-2-1-3,40,40,10,8
1,first4,240,7,70,0-2-1-3,40,40,10,8
1,first4,256,0,70,0-2-1-3,40,40,10,8
1,first4,288,4,70,0-2-1-3,40,40,10,8
1,first4,320,2,70,0-2-1-3,40,40,10,8
1,first4,352,5,70,0-2-1-3,40,40,10,8
1,first4,384,1,70,0-2-1-3,40,40,10,8
1,full,2,0,288,0-1-2-3-4-5-6-7-8-9-10-11-12-13-14-15-16-17-18-19-20-21-22-23-24-25-26-27-28-29-30-31-32-33-34-35-36-37-38-39-40-41-42-43-44-45,173,173,10,8
1,full,3,1,288,0-1-2-3-4-5-6-7-8-9-10-11-12-13-14-15-16-17-18-19-20-21-22-23-24-25-26-27-28-29-30-31-32-33-34-35-36-37-38-39-40-41-42-43-44-45,173,173,10,8
1,full,4,0,288,0-1-2-3-4-5-6-7-8-9-10-11-12-13-14-15-16-17-18-19-20-21-22-23-24-25-26-27-28-29-30-31-32-33-34-35-36-37-38-39-40-41-42-43-44-45,173,173,10,8
1,full,5,2,288,0-1-2-3-4-5-6-7-8-9-10-11-12-13-14-15-16-17-18-19-20-21-22-23-24-25-26-27-28-29-30-31-32-33-34-35-36-37-38-39-40-41-42-43-44-45,173,173,10,8
1,full,6,1,288,0-1-2-3-4-5-6-7-8-9-10-11-12-13-14-15-16-17-18-19-20-21-22-23-24-25-26-27-28-29-30-31-32-33-34-35-36-37-38-39-40-41-42-43-44-45,173,173,10,8
1,full,7,3,288,0-1-2-3-4-5-6-7-8-9-10-11-12-13-14-15-16-17-18-19-20-21-22-23-24-25-26-27-28-29-30-31-32-33-34-35-36-37-38-39-40-41-42-43-44-45,173,173,10,8
1,full,8,0,288,0-1-2-3-4-5-6-7-8-9-10-11-12-13-14-15-16-17-18-19-20-21-22-23-24-25-26-27-28-29-30-31-32-33-34-35-36-37-38-39-40-41-42-43-44-45,173,173,10,8
1,full,9,4,288,0-1-2-3-4-5-6-7-8-9-10-11-12-13-14-15-16-17-18-19-20-21-22-23-24-25-26-27-28-29-30-31-32-33-34-35-36-37-38-39-40-41-42-43-44-45,173,173,10,8
1,full,10,2,288,0-1-2-3-4-5-6-7-8-9-10-11-12-13-14-15-16-17-18-19-20-21-22-23-24-25-26-27-28-29-30-31-32-33-34-35-36-37-38-39-40-41-42-43-44-45,173,173,10,8
1,full,11,5,288,0-1-2-3-4-5-6-7-8-9-10-11-12-13-14-15-16-17-18-19-20-21-22-23-24-25-26-27-28-29-30-31-32-33-34-35-36-37-38-39-40-41-42-43-44-45,173,173,10,8
1,full,12,1,288,0-1-2-3-4-5-6-7-8-9-10-11-12-13-14-15-16-17-18-19-20-21-22-23-24-25-26-27-28-29-30-31-32-33-34-35-36-37-38-39-40-41-42-43-44-45,173,173,10,8
1,full,13,6,288,0-1-2-3-4-5-6-7-8-9-10-11-12-13-14-15-16-17-18-19-20-21-22-23-24-25-26-27-28-29-30-31-32-33-34-35-36-37-38-39-40-41-42-43-44-45,173,173,10,8
1,full,14,3,288,0-1-2-3-4-5-6-7-8-9-10-11-12-13-14-15-16-17-18-19-20-21-22-23-24-25-26-27-28-29-30-31-32-33-34-35-36-37-38-39-40-41-42-43-44-45,173,173,10,8
1,full,15,7,288,0-1-2-3-4-5-6-7-8-9-10-11-12-13-14-15-16-17-18-19-20-21-22-23-24-25-26-27-28-29-30-31-32-33-34-35-36-37-38-39-40-41-42-43-44-45,173,173,10,8
1,full,16,0,288,0-1-2-3-4-5-6-7-8-9-10-11-12-13-14-15-16-17-18-19-20-21-22-23-24-25-26-27-28-29-30-31-32-33-34-35-36-37-38-39-40-41-42-43-44-45,173,173,10,8
1,full,18,4,288,0-1-2-3-4-5-6-7-8-9-10-11-12-13-14-15-16-17-18-19-20-21-22-23-24-25-26-27-28-29-30-31-32-33-34-35-36-37-38-39-40-41-42-43-44-45,173,173,10,8
1,full,20,2,288,0-1-2-3-4-5-6-7-8-9-10-11-12-13-14-15-16-17-18-19-20-21-22-23-24-25-26-27-28-29-30-31-32-33-34-35-36-37-38-39-40-41-42-43-44-45,173,173,10,8
1,full,22,5,288,0-1-2-3-4-5-6-7-8-9-10-11-12-13-14-15-16-17-18-19-20-21-22-23-24-25-26-27-28-29-30-31-32-33-34-35-36-37-38-39-40-41-42-43-44-45,173,173,10,8
1,full,24,1,288,0-1-2-3-4-5-6-7-8-9-10-11-12-13-14-15-16-17-18-19-20-21-22-23-24-25-26-27-28-29-30-31-32-33-34-35-36-37-38-39-40-41-42-43-44-45,173,173,10,8
1,full,26,6,288,0-1-2-3-4-5-6-7-8-9-10-11-12-13-14-15-16-17-18-19-20-21-22-23-24-25-26-27-28-29-30-31-32-33-34-35-36-37-38-39-40-41-42-43-44-45,173,173,10,8
1,full,28,3,288,0-1-2-3-4-5-6-7-8-9-10-11-12-13-14-15-16-17-18-19-20-21-22-23-24-25-26-27-28-29-30-31-32-33-34-35-36-37-38-39-40-41-42-43-44-45,173,173,10,8
1,full,30,7,288,0-1-2-3-4-5-6-7-8-9-10-11-12-13-14-15-16-17-18-19-20-21-22-23-24-25-26-27-28-29-30-31-32-33-34-35-36-37-38-39-40-41-42-43-44-45,173,173,10,8
1,full,32,0,288,0-1-2-3-4-5-6-7-8-9-10-11-12-13-14-15-16-17-18-19-20-21-22-23-24-25-26-27-28-29-30-31-32-33-34-35-36-37-38-39-40-41-42-43-44-45,173,173,10,8
1,full,36,4,288,0-1-2-3-4-5-6-7-8-9-10-11-12-13-14-15-16-17-18-19-20-21-22-23-24-25-26-27-28-29-30-31-32-33-34-35-36-37-38-39-40-41-42-43-44-45,173,173,10,8
1,full,40,2,288,0-1-2-3-4-5-6-7-8-9-10-11-12-13-14-15-16-17-18-19-20-21-22-23-24-25-26-27-28-29-30-31-32-33-34-35-36-37-38-39-40-41-42-43-44-45,173,173,10,8
1,full,44,5,288,0-1-2-3-4-5-6-7-8-9-10-11-12-13-14-15-16-17-18-19-20-21-22-23-24-25-26-27-28-29-30-31-32-33-34-35-36-37-38-39-40-41-42-43-44-45,173,173,10,8
1,full,48,1,288,0-1-2-3-4-5-6-7-8-9-10-11-12-13-14-15-16-17-18-19-20-21-22-23-24-25-26-27-28-29-30-31-32-33-34-35-36-37-38-39-40-41-42-43-44-45,173,173,10,8
1,full,52,6,288,0-1-2-3-4-5-6-7-8-9-10-11-12-13-14-15-16-17-18-19-20-21-22-23-24-25-26-27-28-29-30-31-32-33-34-35-36-37-38-39-40-41-42-43-44-45,173,173,10,8
1,full,56,3,288,0-1-2-3-4-5-6-7-8-9-10-11-12-13-14-15-16-17-18-19-20-21-22-23-24-25-26-27-28-29-30-31-32-33-34-35-36-37-38-39-40-41-42-43-44-45,173,173,10,8
1,full,60,7,288,0-1-2-3-4-5-6-7-8-9-10-11-12-13-14-15-16-17-18-19-20-21-22-23-24-25-26-27-28-29-30-31-32-33-34-35-36-37-38-39-40-41-42-43-44-45,173,173,10,8
1,full,64,0,288,0-1-2-3-4-5-6-7-8-9-10-11-12-13-14-15-16-17-18-19-20-21-22-23-24-25-26-27-28-29-30-31-32-33-34-35-36-37-38-39-40-41-42-43-44-45,173,173,10,8
1,full,72,4,288,0-1-2-3-4-5-6-7-8-9-10-11-12-13-14-15-16-17-18-19-20-21-22-23-24-25-26-27-28-29-30-31-32-33-34-35-36-37-38-39-40-41-42-43-44-45,173,173,10,8
1,full,80,2,288,0-1-2-3-4-5-6-7-8-9-10-11-12-13-14-15-16-17-18-19-20-21-22-23-24-25-26-27-28-29-30-31-32-33-34-35-36-37-38-39-40-41-42-43-44-45,173,173,10,8
1,full,88,5,288,0-1-2-3-4-5-6-7-8-9-10-11-12-13-14-15-16-17-18-19-20-21-22-23-24-25-26-27-28-29-30-31-32-33-34-35-36-37-38-39-40-41-42-43-44-45,173,173,10,8
1,full,96,1,288,0-1-2-3-4-5-6-7-8-9-10-11-12-13-14-15-16-17-18-19-20-21-22-23-24-25-26-27-28-29-30-31-32-33-34-35-36-37-38-39-40-41-42-43-44-45,173,173,10,8
1,full,104,6,288,0-1-2-3-4-5-6-7-8-9-10-11-12-13-14-15-16-17-18-19-20-21-22-23-24-25-26-27-28-29-30-31-32-33-34-35-36-37-38-39-40-41-42-43-44-45,173,173,10,8
1,full,112,3,288,0-1-2-3-4-5-6-7-8-9-10-11-12-13-14-15-16-17-18-19-20-21-22-23-24-25-26-27-28-29-30-31-32-33-34-35-36-37-38-39-40-41-42-43-44-45,173,173,10,8
1,full,120,7,288,0-1-2-3-4-5-6-7-8-9-10-11-12-13-14-15-16-17-18-19-20-21-22-23-24-25-26-27-28-29-30-31-32-33-34-35-36-37-38-39-40-41-42-43-44-45,173,173,10,8
1,full,128,0,288,0-1-2-3-4-5-6-7-8-9-10-11-12-13-14-15-16-17-18-19-20-21-22-23-24-25-26-27-28-29-30-31-32-33-34-35-36-37-38-39-40-41-42-43-44-45,173,173,10,8
1,full,144,4,288,0-1-2-3-4-5-6-7-8-9-10-11-12-13-14-15-16-17-18-19-20-21-22-23-24-25-26-27-28-29-30-31-32-33-34-35-36-37-38-39-40-41-42-43-44-45,173,173,10,8
1,full,160,2,288,0-1-2-3-4-5-6-7-8-9-10-11-12-13-14-15-16-17-18-19-20-21-22-23-24-25-26-27-28-29-30-31-32-33-34-35-36-37-38-39-40-41-42-43-44-45,173,173,10,8
1,full,176,5,288,0-1-2-3-4-5-6-7-8-9-10-11-12-13-14-15-16-17-18-19-20-21-22-23-24-25-26-27-28-29-30-31-32-33-34-35-36-37-38-39-40-41-42-43-44-45,173,173,10,8
1,full,192,1,288,0-1-2-3-4-5-6-7-8-9-10-11-12-13-14-15-16-17-18-19-20-21-22-23-24-25-26-27-28-29-30-31-32-33-34-35-36-37-38-39-40-41-42-43-44-45,173,173,10,8
1,full,208,6,288,0-1-2-3-4-5-6-7-8-9-10-11-12-13-14-15-16-17-18-19-20-21-22-23-24-25-26-27-28-29-30-31-32-33-34-35-36-37-38-39-40-41-42-43-44-45,173,173,10,8
1,full,224,3,288,0-1-2-3-4-5-6-7-8-9-10-11-12-13-14-15-16-17-18-19-20-21-22-23-24-25-26-27-28-29-30-31-32-33-34-35-36-37-38-39-40-41-42-43-44-45,173,173,10,8
1,full,240,7,288,0-1-2-3-4-5-6-7-8-9-10-11-12-13-14-15-16-17-18-19-20-21-22-23-24-25-26-27-28-29-30-31-32-33-34-35-36-37-38-39-40-41-42-43-44-45,173,173,10,8
1,full,256,0,288,0-1-2-3-4-5-6-7-8-9-10-11-12-13-14-15-16-17-18-19-20-21-22-23-24-25-26-27-28-29-30-31-32-33-34-35-36-37-38-39-40-41-42-43-44-45,173,173,10,8
1,full,288,4,288,0-1-2-3-4-5-6-7-8-9-10-11-12-13-14-15-16-17-18-19-20-21-22-23-24-25-26-27-28-29-30-31-32-33-34-35-36-37-38-39-40-41-42-43-44-45,173,173,10,8
1,full,320,2,288,0-1-2-3-4-5-6-7-8-9-10-11-12-13-14-15-16-17-18-19-20-21-22-23-24-25-26-27-28-29-30-31-32-33-34-35-36-37-38-39-40-41-42-43-44-45,173,173,10,8
1,full,352,5,288,0-1-2-3-4-5-6-7-8-9-10-11-12-13-14-15-16-17-18-19-20-21-22-23-24-25-26-27-28-29-30-31-32-33-34-35-36-37-38-39-40-41-42-43-44-45,173,173,10,8
1,full,384,1,288,0-1-2-3-4-5-6-7-8-9-10-11-12-13-14-15-16-17-18-19-20-21-22-23-24-25-26-27-28-29-30-31-32-33-34-35-36-37-38-39-40-41-42-43-44-45,173,173,10,8
2,single0,2,0,12,0,4,4,4,0
2,single0,3,1,12,0,4,4,4,0
2,single0,4,0,12,0,4,4,4,0
2,single0,5,2,12,0,4,4,4,0
2,single0,6,1,12,0,4,4,4,0
2,single0,7,3,12,0,4,4,4,0
2,single0,8,0,12,0,4,4,4,0
2,single0,9,4,12,0,4,4,4,0
2,single0,10,2,12,0,4,4,4,0
2,single0,11,5,12,0,4,4,4,0
2,single0,12,1,12,0,4,4,4,0
2,single0,13,6,12,0,4,4,4,0
2,single0,14,3,12,0,4,4,4,0
2,single0,15,7,12,0,4,4,4,0
2,single0,16,0,12,0,4,4,4,0
2,single0,18,4,12,0,4,4,4,0
2,single0,20,2,12,0,4,4,4,0
2,single0,22,5,12,0,4,4,4,0
2,single0,24,1,12,0,4,4,4,0
2,single0,26,6,12,0,4,4,4,0
2,single0,28,3,12,0,4,4,4,0
2,single0,30,7,12,0,4,4,4,0
2,single0,32,0,12,0,4,4,4,0
2,single0,36,4,12,0,4,4,4,0
2,single0,40,2,12,0,4,4,4,0
2,single0,44,5,12,0,4,4,4,0
2,single0,48,1,12,0,4,4,4,0
2,single0,52,6,12,0,4,4,4,0
2,single0,56,3,12,0,4,4,4,0
2,single0,60,7,12,0,4,4,4,0
2,single0,64,0,12,0,4,4,4,0
2,single0,72,4,12,0,4,4,4,0
2,single0,80,2,12,0,4,4,4,0
2,single0,88,5,12,0,4,4,4,0
2,single0,96,1,12,0,4,4,4,0
2,single0,104,6,12,0,4,4,4,0
2,single0,112,3,12,0,4,4,4,0
2,single0,120,7,12,0,4,4,4,0
2,single0,128,0,12,0,4,4,4,0
2,single0,144,4,12,0,4,4,4,0
2,single0,160,2,12,0,4,4,4,0
2,single0,176,5,12,0,4,4,4,0
2,single0,192,1,12,0,4,4,4,0
2,single0,208,6,12,0,4,4,4,0
2,single0,224,3,12,0,4,4,4,0
2,single0,240,7,12,0,4,4,4,0
2,single0,256,0,12,0,4,4,4,0
2,single0,288,4,12,0,4,4,4,0
2,single0,320,2,12,0,4,4,4,0
2,single0,352,5,12,0,4,4,4,0
2,single0,384,1,12,0,4,4,4,0
2,full,2,0,228,0-1-2-3-4-5-6-7-8-9-10-11-12-13-14-15-16-17-18-19-20-21-22-23-24-25-26-27-28-29-30-31-32-33-34-35-36-37-38-39-40-41,106,106,5,8
2,full,3,1,228,0-1-2-3-4-5-6-7-8-9-10-11-12-13-14-15-16-17-18-19-20-21-22-23-24-25-26-27-28-29-30-31-32-33-34-35-36-37-38-39-40-41,106,106,5,8
2,full,4,0,228,0-1-2-3-4-5-6-7-8-9-10-11-12-13-14-15-16-17-18-19-20-21-22-23-24-25-26-27-28-29-30-31-32-33-34-35-36-37-38-39-40-41,106,106,5,8
2,full,5,2,228,0-1-2-3-4-5-6-7-8-9-10-11-12-13-14-15-16-17-18-19-20-21-22-23-24-25-26-27-28-29-30-31-32-33-34-35-36-37-38-39-40-41,106,106,5,8
2,full,6,1,228,0-1-2-3-4-5-6-7-8-9-10-11-12-13-14-15-16-17-18-19-20-21-22-23-24-25-26-27-28-29-30-31-32-33-34-35-36-37-38-39-40-41,106,106,5,8
2,full,7,3,228,0-1-2-3-4-5-6-7-8-9-10-11-12-13-14-15-16-17-18-19-20-21-22-23-24-25-26-27-28-29-30-31-32-33-34-35-36-37-38-39-40-41,106,106,5,8
2,full,8,0,228,0-1-2-3-4-5-6-7-8-9-10-11-12-13-14-15-16-17-18-19-20-21-22-23-24-25-26-27-28-29-30-31-32-33-34-35-36-37-38-39-40-41,106,106,5,8
2,full,9,4,228,0-1-2-3-4-5-6-7-8-9-10-11-12-13-14-15-16-17-18-19-20-21-22-23-24-25-26-27-28-29-30-31-32-33-34-35-36-37-38-39-40-41,106,106,5,8
2,full,10,2,228,0-1-2-3-4-5-6-7-8-9-10-11-12-13-14-15-16-17-18-19-20-21-22-23-24-25-26-27-28-29-30-31-32-33-34-35-36-37-38-39-40-41,106,106,5,8
2,full,11,5,228,0-1-2-3-4-5-6-7-8-9-10-11-12-13-14-15-16-17-18-19-20-21-22-23-24-25-26-27-28-29-30-31-32-33-34-35-36-37-38-39-40-41,106,106,5,8
2,full,12,1,228,0-1-2-3-4-5-6-7-8-9-10-11-12-13-14-15-16-17-18-19-20-21-22-23-24-25-26-27-28-29-30-31-32-33-34-35-36-37-38-39-40-41,106,106,5,8
2,full,13,6,228,0-1-2-3-4-5-6-7-8-9-10-11-12-13-14-15-16-17-18-19-20-21-22-23-24-25-26-27-28-29-30-31-32-33-34-35-36-37-38-39-40-41,106,106,5,8
2,full,14,3,228,0-1-2-3-4-5-6-7-8-9-10-11-12-13-14-15-16-17-18-19-20-21-22-23-24-25-26-27-28-29-30-31-32-33-34-35-36-37-38-39-40-41,106,106,5,8
2,full,15,7,228,0-1-2-3-4-5-6-7-8-9-10-11-12-13-14-15-16-17-18-19-20-21-22-23-24-25-26-27-28-29-30-31-32-33-34-35-36-37-38-39-40-41,106,106,5,8
2,full,16,0,228,0-1-2-3-4-5-6-7-8-9-10-11-12-13-14-15-16-17-18-19-20-21-22-23-24-25-26-27-28-29-30-31-32-33-34-35-36-37-38-39-40-41,106,106,5,8
2,full,18,4,228,0-1-2-3-4-5-6-7-8-9-10-11-12-13-14-15-16-17-18-19-20-21-22-23-24-25-26-27-28-29-30-31-32-33-34-35-36-37-38-39-40-41,106,106,5,8
2,full,20,2,228,0-1-2-3-4-5-6-7-8-9-10-11-12-13-14-15-16-17-18-19-20-21-22-23-24-25-26-27-28-29-30-31-32-33-34-35-36-37-38-39-40-41,106,106,5,8
2,full,22,5,228,0-1-2-3-4-5-6-7-8-9-10-11-12-13-14-15-16-17-18-19-20-21-22-23-24-25-26-27-28-29-30-31-32-33-34-35-36-37-38-39-40-41,106,106,5,8
2,full,24,1,228,0-1-2-3-4-5-6-7-8-9-10-11-12-13-14-15-16-17-18-19-20-21-22-23-24-25-26-27-28-29-30-31-32-33-34-35-36-37-38-39-40-41,106,106,5,8
2,full,26,6,228,0-1-2-3-4-5-6-7-8-9-10-11-12-13-14-15-16-17-18-19-20-21-22-23-24-25-26-27-28-29-30-31-32-33-34-35-36-37-38-39-40-41,106,106,5,8
2,full,28,3,228,0-1-2-3-4-5-6-7-8-9-10-11-12-13-14-15-16-17-18-19-20-21-22-23-24-25-26-27-28-29-30-31-32-33-34-35-36-37-38-39-40-41,106,106,5,8
2,full,30,7,228,0-1-2-3-4-5-6-7-8-9-10-11-12-13-14-15-16-17-18-19-20-21-22-23-24-25-26-27-28-29-30-31-32-33-34-35-36-37-38-39-40-41,106,106,5,8
2,full,32,0,228,0-1-2-3-4-5-6-7-8-9-10-11-12-13-14-15-16-17-18-19-20-21-22-23-24-25-26-27-28-29-30-31-32-33-34-35-36-37-38-39-40-41,106,106,5,8
2,full,36,4,228,0-1-2-3-4-5-6-7-8-9-10-11-12-13-14-15-16-17-18-19-20-21-22-23-24-25-26-27-28-29-30-31-32-33-34-35-36-37-38-39-40-41,106,106,5,8
2,full,40,2,228,0-1-2-3-4-5-6-7-8-9-10-11-12-13-14-15-16-17-18-19-20-21-22-23-24-25-26-27-28-29-30-31-32-33-34-35-36-37-38-39-40-41,106,106,5,8
2,full,44,5,228,0-1-2-3-4-5-6-7-8-9-10-11-12-13-14-15-16-17-18-19-20-21-22-23-24-25-26-27-28-29-30-31-32-33-34-35-36-37-38-39-40-41,106,106,5,8
2,full,48,1,228,0-1-2-3-4-5-6-7-8-9-10-11-12-13-14-15-16-17-18-19-20-21-22-23-24-25-26-27-28-29-30-31-32-33-34-35-36-37-38-39-40-41,106,106,5,8
2,full,52,6,228,0-1-2-3-4-5-6-7-8-9-10-11-12-13-14-15-16-17-18-19-20-21-22-23-24-25-26-27-28-29-30-31-32-33-34-35-36-37-38-39-40-41,106,106,5,8
2,full,56,3,228,0-1-2-3-4-5-6-7-8-9-10-11-12-13-14-15-16-17-18-19-20-21-22-23-24-25-26-27-28-29-30-31-32-33-34-35-36-37-38-39-40-41,106,106,5,8
2,full,60,7,228,0-1-2-3-4-5-6-7-8-9-10-11-12-13-14-15-16-17-18-19-20-21-22-23-24-25-26-27-28-29-30-31-32-33-34-35-36-37-38-39-40-41,106,106,5,8
2,full,64,0,228,0-1-2-3-4-5-6-7-8-9-10-11-12-13-14-15-16-17-18-19-20-21-22-23-24-25-26-27-28-29-30-31-32-33-34-35-36-37-38-39-40-41,106,106,5,8
2,full,72,4,228,0-1-2-3-4-5-6-7-8-9-10-11-12-13-14-15-16-17-18-19-20-21-22-23-24-25-26-27-28-29-30-31-32-33-34-35-36-37-38-39-40-41,106,106,5,8
2,full,80,2,228,0-1-2-3-4-5-6-7-8-9-10-11-12-13-14-15-16-17-18-19-20-21-22-23-24-25-26-27-28-29-30-31-32-33-34-35-36-37-38-39-40-41,106,106,5,8
2,full,88,5,228,0-1-2-3-4-5-6-7-8-9-10-11-12-13-14-15-16-17-18-19-20-21-22-23-24-25-26-27-28-29-30-31-32-33-34-35-36-37-38-39-40-41,106,106,5,8
2,full,96,1,228,0-1-2-3-4-5-6-7-8-9-10-11-12-13-14-15-16-17-18-19-20-21-22-23-24-25-26-27-28-29-30-31-32-33-34-35-36-37-38-39-40-41,106,106,5,8
2,full,104,6,228,0-1-2-3-4-5-6-7-8-9-10-11-12-13-14-15-16-17-18-19-20-21-22-23-24-25-26-27-28-29-30-31-32-33-34-35-36-37-38-39-40-41,106,106,5,8
2,full,112,3,228,0-1-2-3-4-5-6-7-8-9-10-11-12-13-14-15-16-17-18-19-20-21-22-23-24-25-26-27-28-29-30-31-32-33-34-35-36-37-38-39-40-41,106,106,5,8
2,full,120,7,228,0-1-2-3-4-5-6-7-8-9-10-11-12-13-14-15-16-17-18-19-20-21-22-23-24-25-26-27-28-29-30-31-32-33-34-35-36-37-38-39-40-41,106,106,5,8
2,full,128,0,228,0-1-2-3-4-5-6-7-8-9-10-11-12-13-14-15-16-17-18-19-20-21-22-23-24-25-26-27-28-29-30-31-32-33-34-35-36-37-38-39-40-41,106,106,5,8
2,full,144,4,228,0-1-2-3-4-5-6-7-8-9-10-11-12-13-14-15-16-17-18-19-20-21-22-23-24-25-26-27-28-29-30-31-32-33-34-35-36-37-38-39-40-41,106,106,5,8
2,full,160,2,228,0-1-2-3-4-5-6-7-8-9-10-11-12-13-14-15-16-17-18-19-20-21-22-23-24-25-26-27-28-29-30-31-32-33-34-35-36-37-38-39-40-41,106,106,5,8
2,full,176,5,228,0-1-2-3-4-5-6-7-8-9-10-11-12-13-14-15-16-17-18-19-20-21-22-23-24-25-26-27-28-29-30-31-32-33-34-35-36-37-38-39-40-41,106,106,5,8
2,full,192,1,228,0-1-2-3-4-5-6-7-8-9-10-11-12-13-14-15-16-17-18-19-20-21-22-23-24-25-26-27-28-29-30-31-32-33-34-35-36-37-38-39-40-41,106,106,5,8
2,full,208,6,228,0-1-2-3-4-5-6-7-8-9-10-11-12-13-14-15-16-17-18-19-20-21-22-23-24-25-26-27-28-29-30-31-32-33-34-35-36-37-38-39-40-41,106,106,5,8
2,full,224,3,228,0-1-2-3-4-5-6-7-8-9-10-11-12-13-14-15-16-17-18-19-20-21-22-23-24-25-26-27-28-29-30-31-32-33-34-35-36-37-38-39-40-41,106,106,5,8
2,full,240,7,228,0-1-2-3-4-5-6-7-8-9-10-11-12-13-14-15-16-17-18-19-20-21-22-23-24-25-26-27-28-29-30-31-32-33-34-35-36-37-38-39-40-41,106,106,5,8
2,full,256,0,228,0-1-2-3-4-5-6-7-8-9-10-11-12-13-14-15-16-17-18-19-20-21-22-23-24-25-26-27-28-29-30-31-32-33-34-35-36-37-38-39-40-41,106,106,5,8
2,full,288,4,228,0-1-2-3-4-5-6-7-8-9-10-11-12-13-14-15-16-17-18-19-20-21-22-23-24-25-26-27-28-29-30-31-32-33-34-35-36-37-38-39-40-41,106,106,5,8
2,full,320,2,228,0-1-2-3-4-5-6-7-8-9-10-11-12-13-14-15-16-17-18-19-20-21-22-23-24-25-26-27-28-29-30-31-32-33-34-35-36-37-38-39-40-41,106,106,5,8
2,full,352,5,228,0-1-2-3-4-5-6-7-8-9-10-11-12-13-14-15-16-17-18-19-20-21-22-23-24-25-26-27-28-29-30-31-32-33-34-35-36-37-38-39-40-41,106,106,5,8
2,full,384,1,228,0-1-2-3-4-5-6-7-8-9-10-11-12-13-14-15-16-17-18-19-20-21-22-23-24-25-26-27-28-29-30-31-32-33-34-35-36-37-38-39-40-41,106,106,5,8
