profile,rec_cycle,layer_id,pair_id,column_A,edge_A,final_touch_A,column_B,edge_B,final_touch_B
BG1_first4_high_rate,15,0,0,0,0,False,1,1,False
BG1_first4_high_rate,16,0,2,5,4,False,6,5,False
BG1_first4_high_rate,17,0,3,9,6,False,10,7,False
BG1_first4_high_rate,18,0,5,13,10,False,15,11,False
BG1_first4_high_rate,19,0,7,19,14,False,20,15,False
BG1_first4_high_rate,20,0,1,2,2,False,3,3,False
BG1_first4_high_rate,21,0,6,16,12,False,18,13,False
BG1_first4_high_rate,22,0,4,11,8,False,12,9,False
BG1_first4_high_rate,23,0,8,21,16,False,22,17,False
BG1_first4_high_rate,24,0,9,23,18,False,,,
BG1_first4_high_rate,27,2,0,7,6,False,8,7,False
BG1_first4_high_rate,28,2,2,14,11,False,17,13,False
BG1_first4_high_rate,29,2,1,24,17,False,25,18,False
BG1_first4_high_rate,30,2,3,0,0,False,1,1,False
BG1_first4_high_rate,31,2,4,5,4,False,6,5,False
BG1_first4_high_rate,32,2,5,9,8,False,10,9,False
BG1_first4_high_rate,33,2,6,18,14,False,19,15,False
BG1_first4_high_rate,34,2,7,13,10,False,15,12,False
BG1_first4_high_rate,35,2,8,2,2,False,20,16,False
BG1_first4_high_rate,36,2,9,4,3,False,,,
BG1_first4_high_rate,44,1,0,11,8,False,12,9,False
BG1_first4_high_rate,45,1,1,21,15,False,22,16,False
BG1_first4_high_rate,46,1,5,7,5,False,8,6,False
BG1_first4_high_rate,47,1,2,16,12,False,23,17,True
BG1_first4_high_rate,48,1,3,0,0,False,2,1,True
BG1_first4_high_rate,49,1,4,4,3,False,5,4,True
BG1_first4_high_rate,50,1,6,14,10,False,15,11,True
BG1_first4_high_rate,51,1,7,17,13,False,19,14,True
BG1_first4_high_rate,52,1,9,3,2,False,,,
BG1_first4_high_rate,53,1,8,9,7,True,24,18,True
BG1_first4_high_rate,58,3,0,18,14,True,20,15,True
BG1_first4_high_rate,59,3,1,1,1,True,6,4,True
BG1_first4_high_rate,60,3,2,10,7,True,13,10,True
BG1_first4_high_rate,61,3,3,3,2,True,4,3,True
BG1_first4_high_rate,62,3,4,7,5,True,8,6,True
BG1_first4_high_rate,63,3,5,11,8,True,12,9,True
BG1_first4_high_rate,64,3,6,14,11,True,16,12,True
BG1_first4_high_rate,65,3,7,21,16,True,22,17,True
BG1_first4_high_rate,66,3,8,0,0,True,17,13,True
BG1_first4_high_rate,67,3,9,25,18,True,,,
BG1_full,14,0,1,2,2,False,3,3,False
BG1_full,15,0,4,11,8,False,12,9,False
BG1_full,16,0,8,21,16,False,22,17,False
BG1_full,17,0,0,0,0,False,1,1,False
BG1_full,18,0,3,9,6,False,10,7,False
BG1_full,19,0,2,5,4,False,6,5,False
BG1_full,20,0,5,13,10,False,15,11,False
BG1_full,21,0,7,19,14,False,20,15,False
BG1_full,22,0,6,16,12,False,18,13,False
BG1_full,23,0,9,23,18,False,,,
BG1_full,32,1,0,7,5,False,8,6,False
BG1_full,33,1,1,14,10,False,17,13,False
BG1_full,34,1,2,0,0,False,2,1,False
BG1_full,35,1,3,9,7,False,11,8,False
BG1_full,36,1,4,15,11,False,16,12,False
BG1_full,37,1,5,19,14,False,21,15,False
BG1_full,38,1,7,3,2,False,5,4,False
BG1_full,39,1,9,24,18,False,,,
BG1_full,40,1,8,4,3,False,12,9,False
BG1_full,41,1,6,22,16,False,23,17,False
BG1_full,49,2,0,10,9,False,13,10,False
BG1_full,50,2,1,18,14,False,20,16,False
BG1_full,51,2,2,1,1,False,6,5,False
BG1_full,52,2,4,7,6,False,8,7,False
BG1_full,53,2,6,17,13,False,19,15,False
BG1_full,54,2,3,2,2,False,4,3,False
BG1_full,55,2,5,14,11,False,15,12,False
BG1_full,56,2,9,25,18,False,,,
BG1_full,57,2,7,0,0,False,5,4,False
BG1_full,58,2,8,9,8,False,24,17,False
BG1_full,63,3,3,0,0,False,1,1,False
BG1_full,64,3,1,21,16,False,22,17,False
BG1_full,65,3,2,3,2,False,16,12,False
BG1_full,66,3,0,11,8,False,12,9,False
BG1_full,67,3,7,17,13,False,18,14,False
BG1_full,68,3,4,4,3,False,6,4,False
BG1_full,69,4,0,0,0,False,1,1,False
BG1_full,70,3,6,13,10,False,14,11,False
BG1_full,71,3,5,7,5,False,8,6,False
BG1_full,72,3,8,20,15,False,25,18,False
BG1_full,73,3,9,10,7,False,,,
BG1_full,74,4,1,26,2,True,,,
BG1_full,75,5,0,3,2,False,12,3,False
BG1_full,76,5,3,0,0,False,1,1,False
BG1_full,77,5,2,22,6,False,27,7,True
BG1_full,78,5,1,16,4,False,21,5,False
BG1_full,85,6,4,0,0,False,,,
BG1_full,86,6,1,11,3,False,13,4,False
BG1_full,87,6,2,17,5,False,18,6,False
BG1_full,88,6,0,6,1,False,10,2,False
BG1_full,89,6,3,20,7,False,28,8,True
BG1_full,91,7,0,1,1,False,4,2,False
BG1_full,92,7,3,0,0,False,,,
BG1_full,93,7,2,14,5,False,29,6,True
BG1_full,95,7,1,7,3,False,8,4,False
BG1_full,98,8,4,0,0,False,1,1,False
BG1_full,99,8,2,21,6,False,22,7,False
BG1_full,100,8,0,3,2,False,12,3,False
BG1_full,101,8,1,16,4,False,19,5,False
BG1_full,102,8,3,24,8,False,30,9,True
BG1_full,104,9,3,0,0,False,1,1,False
BG1_full,105,9,0,10,2,False,11,3,False
BG1_full,106,9,2,18,6,False,20,7,False
BG1_full,107,9,1,13,4,False,17,5,False
BG1_full,109,9,4,31,8,True,,,
BG1_full,110,10,3,1,0,False,,,
BG1_full,111,10,1,7,3,False,8,4,False
BG1_full,112,10,0,2,1,False,4,2,False
BG1_full,113,10,2,14,5,False,32,6,True
BG1_full,119,11,3,0,0,False,1,1,False
BG1_full,120,11,0,12,2,False,16,3,False
BG1_full,121,11,1,21,4,False,22,5,False
BG1_full,122,11,2,23,6,False,33,7,True
BG1_full,125,12,2,0,0,False,1,1,False
BG1_full,126,12,1,13,4,False,18,5,False
BG1_full,127,12,0,10,2,False,11,3,False
BG1_full,128,12,3,34,6,True,,,
BG1_full,134,13,2,0,0,False,35,5,True
BG1_full,135,13,0,3,1,False,7,2,False
BG1_full,136,13,1,20,3,False,23,4,False
BG1_full,140,14,3,0,0,False,,,
BG1_full,141,14,1,16,3,False,17,4,False
BG1_full,142,14,0,12,1,False,15,2,False
BG1_full,143,14,2,21,5,False,36,6,True
BG1_full,146,15,0,1,1,False,10,2,False
BG1_full,147,15,1,13,3,False,18,4,False
BG1_full,148,15,3,0,0,False,,,
BG1_full,149,15,2,25,5,False,37,6,True
BG1_full,152,16,0,3,1,False,11,2,False
BG1_full,153,16,2,1,0,False,38,5,True
BG1_full,154,16,1,20,3,False,22,4,False
BG1_full,155,17,1,16,2,False,17,3,False
BG1_full,156,17,2,21,4,False,39,5,True
BG1_full,157,17,0,0,0,False,14,1,False
BG1_full,162,18,0,1,0,False,12,1,False
BG1_full,163,18,1,13,2,False,18,3,False
BG1_full,164,18,2,19,4,False,40,5,True
BG1_full,168,19,2,0,0,False,1,1,False
BG1_full,169,19,1,10,4,False,41,5,True
BG1_full,170,19,0,7,2,False,8,3,False
BG1_full,174,20,1,11,3,False,22,4,False
BG1_full,175,20,2,0,0,False,42,5,True
BG1_full,176,20,0,3,1,False,9,2,False
BG1_full,177,21,0,1,0,False,5,1,True
BG1_full,178,21,2,21,4,False,43,5,True
BG1_full,180,21,1,16,2,False,20,3,True
BG1_full,182,22,0,0,0,False,12,1,False
BG1_full,183,22,1,13,2,False,17,3,False
BG1_full,184,22,2,44,4,True,,,
BG1_full,186,23,0,1,0,False,2,1,False
BG1_full,187,23,1,10,2,False,18,3,False
BG1_full,188,23,2,45,4,True,,,
BG1_full,190,24,0,0,0,False,3,1,False
BG1_full,191,24,1,4,2,False,11,3,False
BG1_full,192,24,2,22,4,False,46,5,True
BG1_full,194,25,1,7,2,False,14,3,False
BG1_full,195,25,0,1,0,False,6,1,False
BG1_full,196,25,2,47,4,True,,,
BG1_full,198,26,0,0,0,False,2,1,False
BG1_full,199,26,1,4,2,False,15,3,False
BG1_full,200,26,2,48,4,True,,,
BG1_full,201,27,0,1,0,False,6,1,False
BG1_full,203,27,1,8,2,False,49,3,True
BG1_full,209,28,0,0,0,False,4,1,False
BG1_full,210,29,0,1,0,False,14,1,False
BG1_full,211,29,1,18,2,False,25,3,False
BG1_full,212,28,2,50,4,True,,,
BG1_full,213,28,1,19,2,False,21,3,False
BG1_full,214,29,2,51,4,True,,,
BG1_full,219,30,1,13,2,False,24,3,False
BG1_full,220,31,0,1,0,False,7,1,False
BG1_full,221,30,0,0,0,False,10,1,False
BG1_full,222,31,1,22,2,False,25,3,False
BG1_full,223,30,2,52,4,True,,,
BG1_full,225,31,2,53,4,True,,,
BG1_full,229,32,0,0,0,False,12,1,False
BG1_full,230,32,1,14,2,False,24,3,False
BG1_full,231,33,0,1,0,False,2,1,True
BG1_full,232,32,2,54,4,True,,,
BG1_full,233,33,1,11,2,True,21,3,True
BG1_full,234,33,2,55,4,True,,,
BG1_full,238,34,0,0,0,False,7,1,False
BG1_full,239,34,1,15,2,False,17,3,False
BG1_full,240,35,0,1,0,False,6,1,False
BG1_full,241,34,2,56,4,True,,,
BG1_full,242,35,1,12,2,False,22,3,False
BG1_full,243,35,2,57,4,True,,,
BG1_full,247,36,0,0,0,False,14,1,True
BG1_full,248,37,0,1,0,False,13,1,True
BG1_full,249,36,1,15,2,True,18,3,False
BG1_full,250,37,1,23,2,True,59,3,True
BG1_full,251,36,2,58,4,True,,,
BG1_full,257,38,0,0,0,False,9,1,False
BG1_full,258,39,0,1,0,False,3,1,False
BG1_full,259,39,1,7,2,False,19,3,True
BG1_full,260,38,1,10,2,False,12,3,True
BG1_full,261,38,2,60,4,True,,,
BG1_full,262,39,2,61,4,True,,,
BG1_full,266,40,0,0,0,False,8,1,True
BG1_full,267,40,1,17,2,True,62,3,True
BG1_full,268,41,1,9,2,False,18,3,False
BG1_full,269,41,0,1,0,False,3,1,True
BG1_full,270,41,2,63,4,True,,,
BG1_full,273,42,0,0,0,False,4,1,True
BG1_full,274,42,1,24,2,True,64,3,True
BG1_full,276,43,1,18,2,True,25,3,True
BG1_full,277,43,2,65,4,True,,,
BG1_full,278,43,0,1,0,False,16,1,True
BG1_full,280,44,0,0,0,True,7,1,True
BG1_full,281,44,2,66,4,True,,,
BG1_full,282,44,1,9,2,True,22,3,True
BG1_full,284,45,0,1,0,True,6,1,True
BG1_full,285,45,1,10,2,True,67,3,True
BG2_single0,6,0,0,0,0,True,1,1,True
BG2_single0,7,0,1,2,2,True,3,3,True
BG2_single0,8,0,2,6,4,True,9,5,True
BG2_single0,9,0,3,10,6,True,11,7,True
BG2_full,8,0,2,6,4,False,9,5,False
BG2_full,9,0,0,0,0,False,1,1,False
BG2_full,10,0,3,10,6,False,11,7,False
BG2_full,11,0,1,2,2,False,3,3,False
BG2_full,18,1,1,8,6,False,12,9,False
BG2_full,19,1,2,0,0,False,3,1,False
BG2_full,20,1,0,4,2,False,5,3,False
BG2_full,21,1,4,6,4,False,7,5,False
BG2_full,22,1,3,9,7,False,11,8,False
BG2_full,26,2,0,10,5,False,13,7,False
BG2_full,27,2,3,0,0,False,1,1,False
BG2_full,28,2,2,8,4,False,12,6,False
BG2_full,29,2,1,3,2,False,4,3,False
BG2_full,35,3,3,1,0,False,4,2,False
BG2_full,36,3,1,7,5,False,9,7,False
BG2_full,37,3,0,5,3,False,6,4,False
BG2_full,38,3,2,10,8,False,13,9,False
BG2_full,39,3,4,2,1,False,8,6,False
BG2_full,41,4,1,0,0,False,1,1,False
BG2_full,42,4,0,11,2,False,14,3,True
BG2_full,48,5,0,5,2,False,7,3,False
BG2_full,49,5,1,0,0,False,1,1,False
BG2_full,50,5,2,11,4,False,15,5,True
BG2_full,56,6,2,7,2,False,11,4,False
BG2_full,57,6,1,0,0,False,5,1,False
BG2_full,58,6,0,9,3,False,16,5,True
BG2_full,63,7,2,1,0,False,11,3,False
BG2_full,64,7,1,5,1,False,7,2,False
BG2_full,65,7,0,13,4,False,17,5,True
BG2_full,69,8,1,0,0,False,1,1,False
BG2_full,70,8,0,12,2,False,18,3,True
BG2_full,77,9,2,1,0,False,,,
BG2_full,78,9,0,8,1,False,10,2,False
BG2_full,79,9,1,11,3,False,19,4,True
BG2_full,85,10,0,6,2,False,7,3,False
BG2_full,86,10,1,0,0,False,20,4,True
BG2_full,87,10,2,1,1,False,,,
BG2_full,92,11,0,9,2,False,13,3,False
BG2_full,93,11,1,0,0,False,7,1,False
BG2_full,94,12,0,1,0,False,3,1,False
BG2_full,95,11,2,21,4,True,,,
BG2_full,96,12,1,11,2,False,22,3,True
BG2_full,101,13,0,8,2,False,13,3,False
BG2_full,102,13,2,1,1,False,,,
BG2_full,103,13,1,0,0,False,23,4,True
BG2_full,108,14,0,6,1,False,11,2,False
BG2_full,109,14,1,1,0,False,13,3,False
BG2_full,110,14,2,24,4,True,,,
BG2_full,114,15,1,11,2,False,25,3,True
BG2_full,115,15,0,0,0,False,10,1,False
BG2_full,120,16,0,1,0,False,9,1,False
BG2_full,121,16,1,12,3,False,26,4,True
BG2_full,122,16,2,11,2,False,,,
BG2_full,128,17,2,1,0,False,,,
BG2_full,129,18,0,0,0,False,6,1,False
BG2_full,130,17,1,11,2,False,12,3,False
BG2_full,131,17,0,5,1,False,27,4,True
BG2_full,132,18,1,7,2,False,28,3,True
BG2_full,137,19,0,1,1,False,10,2,False
BG2_full,138,19,1,0,0,False,29,3,True
BG2_full,143,20,1,1,0,False,30,3,True
BG2_full,144,20,0,4,1,False,11,2,False
BG2_full,145,21,0,0,0,False,8,1,True
BG2_full,146,21,1,13,2,False,31,3,True
BG2_full,150,22,0,1,0,False,2,1,False
BG2_full,151,22,1,32,2,True,,,
BG2_full,152,23,0,0,0,False,3,1,True
BG2_full,153,23,1,5,2,False,33,3,True
BG2_full,157,24,0,1,0,False,2,1,False
BG2_full,158,24,1,9,2,False,34,3,True
BG2_full,160,25,0,0,0,False,5,1,False
BG2_full,161,25,1,35,2,True,,,
BG2_full,164,26,0,2,0,False,7,1,False
BG2_full,165,26,1,12,2,False,13,3,False
BG2_full,166,26,2,36,4,True,,,
BG2_full,167,27,0,0,0,False,6,1,True
BG2_full,168,27,1,37,2,True,,,
BG2_full,171,28,0,1,0,False,2,1,False
BG2_full,172,28,1,5,2,False,38,3,True
BG2_full,174,29,0,0,0,False,4,1,True
BG2_full,175,29,1,39,2,True,,,
BG2_full,179,30,0,2,0,False,5,1,False
BG2_full,180,30,1,7,2,False,9,3,True
BG2_full,181,31,0,1,0,False,13,1,False
BG2_full,182,31,1,41,2,True,,,
BG2_full,183,30,2,40,4,True,,,
BG2_full,186,32,0,0,0,False,5,1,False
BG2_full,187,32,1,12,2,False,42,3,True
BG2_full,188,33,0,2,0,False,7,1,False
BG2_full,189,33,1,10,2,False,43,3,True
BG2_full,195,34,0,0,0,False,12,1,False
BG2_full,196,35,0,1,0,False,5,1,False
BG2_full,197,34,1,13,2,False,44,3,True
BG2_full,198,35,1,11,2,False,45,3,True
BG2_full,204,37,0,10,0,False,13,1,False
BG2_full,205,36,0,0,0,False,2,1,False
BG2_full,206,36,1,7,2,False,46,3,True
BG2_full,207,37,1,47,2,True,,,
BG2_full,213,38,0,1,0,False,5,1,False
BG2_full,214,38,1,11,2,False,48,3,True
BG2_full,215,39,0,0,0,True,7,1,True
BG2_full,218,39,1,12,2,True,49,3,True
BG2_full,220,40,0,2,0,True,10,1,True
BG2_full,221,40,1,13,2,True,50,3,True
BG2_full,224,41,0,1,0,True,5,1,True
BG2_full,225,41,1,11,2,True,51,3,True
