label,model,EbN0_dB,blocks,block_errors,BLER,BLER_CI95_low,BLER_CI95_high,bit_errors_info,BER,avg_iterations,avg_iteration_se,avg_success_iterations,max_iterations_observed,fraction_reaching_max_iterations,undetected_errors,syndrome_pass_count,convergence_failures,channel_saturation_count,channel_quantizer_clip_count,app_init_saturation_count,q_sub_saturation_count,min_input_clip_count,check_magnitude_clip_count,app_add_saturation_count,app_update_saturation_count,saturation_block_fraction,saturation_events_per_block,saturation_error_blocks,saturation_clean_blocks,saturation_error_events,saturation_clean_events,expected_core_cycles,worst_configured_core_cycles,stage,profile,config_name,layer_order,decoder_cycles_per_iteration,syndrome_tail,effective_iteration_boundary,expected_latency_cycles,saturation_rule,requested_blocks,completed_requested_blocks,w_CH,w_APP,w_q,w_M,channel_gain,ch_to_app_shift,beta_int,beta_equiv,stage1_latency_rank,stage1_quality_pass,stage1_retained_top3,aggregate_blocks,aggregate_block_errors,aggregate_BLER,aggregate_BLER_CI95_low,aggregate_BLER_CI95_high,aggregate_avg_iterations,aggregate_expected_latency_cycles,aggregate_max_iteration_fraction
F2,fixed,4.2,200,15,0.07500000,0.04597492,0.12004361,1307,0.0007735559,8.220000,0.146167,7.891304,12,0.130000,0,184,16,13116,13116,0,573,4324415,4324415,478557,478557,1.000000,24083.305000,15,185,232228,4584433,624.720,852,layer_order_stage1,BG1_first4_high_rate,F2,1-3-0-2,75,1,76,624.720,asymmetric,200,True,6,8,8,6,1.542,1,1,0.324254,1,True,True,600,15,0.02500000,0.01520784,0.04083578,5.923333,450.173,0.043333
F2,fixed,4.4,200,0,0.00000000,0.00000000,0.01884533,0,0.0000000000,5.895000,0.081567,5.895000,10,0.000000,0,200,0,19807,19807,0,1107,4455698,4455698,708140,708140,1.000000,25923.760000,0,200,0,5184752,448.020,852,layer_order_stage1,BG1_first4_high_rate,F2,1-3-0-2,75,1,76,448.020,asymmetric,200,True,6,8,8,6,1.542,1,1,0.324254,1,True,True,600,15,0.02500000,0.01520784,0.04083578,5.923333,450.173,0.043333
F2,fixed,4.9,200,0,0.00000000,0.00000000,0.01884533,0,0.0000000000,3.655000,0.039212,3.655000,5,0.000000,0,200,0,51181,51181,0,1767,4157469,4157469,925211,925211,1.000000,25678.140000,0,200,0,5135628,277.780,852,layer_order_stage1,BG1_first4_high_rate,F2,1-3-0-2,75,1,76,277.780,asymmetric,200,True,6,8,8,6,1.542,1,1,0.324254,1,True,True,600,15,0.02500000,0.01520784,0.04083578,5.923333,450.173,0.043333
F2,fixed,4.2,200,10,0.05000000,0.02738265,0.08957815,713,0.0004219934,8.590000,0.127833,8.333333,12,0.100000,0,186,14,12903,12903,0,824,4671959,4671959,654270,654270,1.000000,26699.780000,10,190,101203,5238753,609.890,852,layer_order_stage1,BG1_first4_high_rate,F2,3-2-1-0,70,1,71,609.890,asymmetric,200,True,6,8,8,6,1.542,1,1,0.324254,2,True,True,600,10,0.01666667,0.00907773,0.03040525,6.458333,458.542,0.036667
F2,fixed,4.4,200,0,0.00000000,0.00000000,0.01884533,0,0.0000000000,6.520000,0.087097,6.520000,12,0.010000,0,200,0,19700,19700,0,1202,4826883,4826883,875162,875162,1.000000,28614.735000,0,200,0,5722947,462.920,852,layer_order_stage1,BG1_first4_high_rate,F2,3-2-1-0,70,1,71,462.920,asymmetric,200,True,6,8,8,6,1.542,1,1,0.324254,2,True,True,600,10,0.01666667,0.00907773,0.03040525,6.458333,458.542,0.036667
F2,fixed,4.9,200,0,0.00000000,0.00000000,0.01884533,0,0.0000000000,4.265000,0.040398,4.265000,6,0.000000,0,200,0,52012,52012,0,2169,4420220,4420220,958572,958572,1.000000,27164.865000,0,200,0,5432973,302.815,852,layer_order_stage1,BG1_first4_high_rate,F2,3-2-1-0,70,1,71,302.815,asymmetric,200,True,6,8,8,6,1.542,1,1,0.324254,2,True,True,600,10,0.01666667,0.00907773,0.03040525,6.458333,458.542,0.036667
F2,fixed,4.2,200,18,0.09000000,0.05768745,0.13776572,1151,0.0006812263,8.130000,0.144638,7.700000,12,0.125000,0,180,20,13007,13007,0,539,4496516,4496516,605031,605031,1.000000,25575.465000,18,182,290793,4824300,585.360,852,layer_order_stage1,BG1_first4_high_rate,F2,1-2-3-0,71,1,72,585.360,asymmetric,200,True,6,8,8,6,1.542,1,1,0.324254,3,False,True,600,18,0.03000000,0.01905926,0.04692074,5.950000,428.400,0.041667
F2,fixed,4.4,200,0,0.00000000,0.00000000,0.01884533,0,0.0000000000,5.995000,0.080356,5.995000,11,0.000000,0,200,0,19789,19789,0,1015,4855433,4855433,897119,897119,1.000000,28866.780000,0,200,0,5773356,431.640,852,layer_order_stage1,BG1_first4_high_rate,F2,1-2-3-0,71,1,72,431.640,asymmetric,200,True,6,8,8,6,1.542,1,1,0.324254,3,False,True,600,18,0.03000000,0.01905926,0.04692074,5.950000,428.400,0.041667
F2,fixed,4.9,200,0,0.00000000,0.00000000,0.01884533,0,0.0000000000,3.725000,0.039429,3.725000,5,0.000000,0,200,0,51982,51982,0,2051,4480350,4480350,1135660,1135660,1.000000,28350.215000,0,200,0,5670043,268.200,852,layer_order_stage1,BG1_first4_high_rate,F2,1-2-3-0,71,1,72,268.200,asymmetric,200,True,6,8,8,6,1.542,1,1,0.324254,3,False,True,600,18,0.03000000,0.01905926,0.04692074,5.950000,428.400,0.041667
F2,fixed,4.2,200,20,0.10000000,0.06567045,0.14940581,1885,0.0011156487,8.315000,0.143288,7.882682,12,0.135000,0,179,21,12875,12875,0,459,4288403,4288403,521122,521122,1.000000,24114.295000,20,180,193859,4629000,598.680,852,layer_order_stage1,BG1_first4_high_rate,F2,1-3-2-0,71,1,72,598.680,asymmetric,200,True,6,8,8,6,1.542,1,1,0.324254,4,False,False,600,20,0.03333333,0.02168016,0.05092409,6.036667,434.640,0.045000
F2,fixed,4.4,200,0,0.00000000,0.00000000,0.01884533,0,0.0000000000,6.055000,0.088311,6.055000,10,0.000000,0,200,0,19696,19696,0,914,4662959,4662959,686457,686457,1.000000,26850.130000,0,200,0,5370026,435.960,852,layer_order_stage1,BG1_first4_high_rate,F2,1-3-2-0,71,1,72,435.960,asymmetric,200,True,6,8,8,6,1.542,1,1,0.324254,4,False,False,600,20,0.03333333,0.02168016,0.05092409,6.036667,434.640,0.045000
F2,fixed,4.9,200,0,0.00000000,0.00000000,0.01884533,0,0.0000000000,3.740000,0.038982,3.740000,5,0.000000,0,200,0,51451,51451,0,2077,4441549,4441549,1047113,1047113,1.000000,27710.950000,0,200,0,5542190,269.280,852,layer_order_stage1,BG1_first4_high_rate,F2,1-3-2-0,71,1,72,269.280,asymmetric,200,True,6,8,8,6,1.542,1,1,0.324254,4,False,False,600,20,0.03333333,0.02168016,0.05092409,6.036667,434.640,0.045000
F2,fixed,4.2,200,25,0.12500000,0.08611974,0.17801425,2023,0.0011973248,8.275000,0.148008,7.742857,12,0.150000,0,175,25,12913,12913,0,491,4258202,4258202,553845,553845,1.000000,24127.255000,25,175,225274,4600177,604.075,852,layer_order_stage1,BG1_first4_high_rate,F2,1-2-0-3,72,1,73,604.075,asymmetric,200,True,6,8,8,6,1.542,1,1,0.324254,5,False,False,600,25,0.04166667,0.02837973,0.06078516,6.086667,444.327,0.053333
F2,fixed,4.4,200,0,0.00000000,0.00000000,0.01884533,0,0.0000000000,6.140000,0.094054,6.110553,12,0.010000,0,199,1,19725,19725,0,932,4883877,4883877,847508,847508,1.000000,28760.210000,0,200,0,5752042,448.220,852,layer_order_stage1,BG1_first4_high_rate,F2,1-2-0-3,72,1,73,448.220,asymmetric,200,True,6,8,8,6,1.542,1,1,0.324254,5,False,False,600,25,0.04166667,0.02837973,0.06078516,6.086667,444.327,0.053333
F2,fixed,4.9,200,0,0.00000000,0.00000000,0.01884533,0,0.0000000000,3.845000,0.041996,3.845000,5,0.000000,0,200,0,51100,51100,0,2447,4838103,4838103,1251087,1251087,1.000000,30713.685000,0,200,0,6142737,280.685,852,layer_order_stage1,BG1_first4_high_rate,F2,1-2-0-3,72,1,73,280.685,asymmetric,200,True,6,8,8,6,1.542,1,1,0.324254,5,False,False,600,25,0.04166667,0.02837973,0.06078516,6.086667,444.327,0.053333
F2,fixed,4.2,200,19,0.09500000,0.06166310,0.14360161,1449,0.0008575994,8.355000,0.151026,7.972376,12,0.145000,0,181,19,13002,13002,0,540,4487082,4487082,539120,539120,1.000000,25198.720000,19,181,222610,4817134,618.270,852,layer_order_stage1,BG1_first4_high_rate,F2,1-0-3-2,73,1,74,618.270,asymmetric,200,True,6,8,8,6,1.542,1,1,0.324254,6,False,False,600,19,0.03166667,0.02036491,0.04892722,6.048333,447.577,0.050000
F2,fixed,4.4,200,0,0.00000000,0.00000000,0.01884533,0,0.0000000000,6.045000,0.092236,6.045000,12,0.005000,0,200,0,20127,20127,0,1375,4980052,4980052,901150,901150,1.000000,29513.520000,0,200,0,5902704,447.330,852,layer_order_stage1,BG1_first4_high_rate,F2,1-0-3-2,73,1,74,447.330,asymmetric,200,True,6,8,8,6,1.542,1,1,0.324254,6,False,False,600,19,0.03166667,0.02036491,0.04892722,6.048333,447.577,0.050000
F2,fixed,4.9,200,0,0.00000000,0.00000000,0.01884533,0,0.0000000000,3.745000,0.040099,3.745000,5,0.000000,0,200,0,51485,51485,0,2256,4533302,4533302,1130355,1130355,1.000000,28586.990000,0,200,0,5717398,277.130,852,layer_order_stage1,BG1_first4_high_rate,F2,1-0-3-2,73,1,74,277.130,asymmetric,200,True,6,8,8,6,1.542,1,1,0.324254,6,False,False,600,19,0.03166667,0.02036491,0.04892722,6.048333,447.577,0.050000
F2,fixed,4.2,200,23,0.11500000,0.07786373,0.16664717,1309,0.0007747396,8.775000,0.132133,8.355932,12,0.150000,0,177,23,12996,12996,0,738,4441115,4441115,581233,581233,1.000000,25180.410000,23,177,308021,4728061,623.025,852,layer_order_stage1,BG1_first4_high_rate,F2,0-2-1-3,70,1,71,623.025,asymmetric,200,True,6,8,8,6,1.542,1,1,0.324254,7,False,False,600,23,0.03833333,0.02567728,0.05686336,6.448333,457.832,0.050000
F2,fixed,4.4,200,0,0.00000000,0.00000000,0.01884533,0,0.0000000000,6.380000,0.082535,6.380000,11,0.000000,0,200,0,19738,19738,0,763,4428904,4428904,646511,646511,1.000000,25479.580000,0,200,0,5095916,452.980,852,layer_order_stage1,BG1_first4_high_rate,F2,0-2-1-3,70,1,71,452.980,asymmetric,200,True,6,8,8,6,1.542,1,1,0.324254,7,False,False,600,23,0.03833333,0.02567728,0.05686336,6.448333,457.832,0.050000
F2,fixed,4.9,200,0,0.00000000,0.00000000,0.01884533,0,0.0000000000,4.190000,0.035719,4.190000,6,0.000000,0,200,0,51526,51526,0,1651,4163976,4163976,830577,830577,1.000000,25238.650000,0,200,0,5047730,297.490,852,layer_order_stage1,BG1_first4_high_rate,F2,0-2-1-3,70,1,71,297.490,asymmetric,200,True,6,8,8,6,1.542,1,1,0.324254,7,False,False,600,23,0.03833333,0.02567728,0.05686336,6.448333,457.832,0.050000
F2,fixed,4.2,200,21,0.10500000,0.06970749,0.15518032,1704,0.0010085227,8.365000,0.139305,7.938547,12,0.130000,0,179,21,13054,13054,0,512,4269961,4269961,532933,532933,1.000000,24082.300000,21,179,235647,4580813,619.010,852,layer_order_stage1,BG1_first4_high_rate,F2,3-1-2-0,73,1,74,619.010,asymmetric,200,True,6,8,8,6,1.542,1,1,0.324254,8,False,False,600,21,0.03500000,0.02300435,0.05291203,6.193333,458.307,0.043333
F2,fixed,4.4,200,0,0.00000000,0.00000000,0.01884533,0,0.0000000000,6.245000,0.075521,6.245000,10,0.000000,0,200,0,19900,19900,0,1091,4851107,4851107,813115,813115,1.000000,28426.065000,0,200,0,5685213,462.130,852,layer_order_stage1,BG1_first4_high_rate,F2,3-1-2-0,73,1,74,462.130,asymmetric,200,True,6,8,8,6,1.542,1,1,0.324254,8,False,False,600,21,0.03500000,0.02300435,0.05291203,6.193333,458.307,0.043333
F2,fixed,4.9,200,0,0.00000000,0.00000000,0.01884533,0,0.0000000000,3.970000,0.039411,3.970000,5,0.000000,0,200,0,51540,51540,0,1655,4286844,4286844,894650,894650,1.000000,26173.445000,0,200,0,5234689,293.780,852,layer_order_stage1,BG1_first4_high_rate,F2,3-1-2-0,73,1,74,293.780,asymmetric,200,True,6,8,8,6,1.542,1,1,0.324254,8,False,False,600,21,0.03500000,0.02300435,0.05291203,6.193333,458.307,0.043333
F2,fixed,4.2,200,20,0.10000000,0.06567045,0.14940581,1941,0.0011487926,8.255000,0.140708,7.838889,12,0.135000,0,180,20,12841,12841,0,745,4583197,4583197,713404,713404,1.000000,26550.935000,20,180,186713,5123474,635.635,852,layer_order_stage1,BG1_first4_high_rate,F2,1-0-2-3,76,1,77,635.635,asymmetric,200,True,6,8,8,6,1.542,1,1,0.324254,9,False,False,600,21,0.03500000,0.02300435,0.05291203,6.025000,463.925,0.046667
F2,fixed,4.4,200,1,0.00500000,0.00088317,0.02777370,6,0.0000035511,6.070000,0.089249,6.040201,12,0.005000,0,199,1,20188,20188,0,1167,4805752,4805752,842470,842470,1.000000,28347.885000,1,199,31916,5637661,467.390,852,layer_order_stage1,BG1_first4_high_rate,F2,1-0-2-3,76,1,77,467.390,asymmetric,200,True,6,8,8,6,1.542,1,1,0.324254,9,False,False,600,21,0.03500000,0.02300435,0.05291203,6.025000,463.925,0.046667
F2,fixed,4.9,200,0,0.00000000,0.00000000,0.01884533,0,0.0000000000,3.750000,0.039309,3.750000,6,0.000000,0,200,0,51735,51735,0,1932,4569157,4569157,1151584,1151584,1.000000,28872.040000,0,200,0,5774408,288.750,852,layer_order_stage1,BG1_first4_high_rate,F2,1-0-2-3,76,1,77,288.750,asymmetric,200,True,6,8,8,6,1.542,1,1,0.324254,9,False,False,600,21,0.03500000,0.02300435,0.05291203,6.025000,463.925,0.046667
F2,fixed,4.2,200,34,0.17000000,0.12427908,0.22815884,2537,0.0015015388,8.720000,0.150403,8.048193,12,0.195000,0,166,34,13060,13060,0,715,4244381,4244381,571227,571227,1.000000,24146.915000,34,166,391592,4437791,645.280,852,layer_order_stage1,BG1_first4_high_rate,F2,2-1-0-3,73,1,74,645.280,asymmetric,200,True,6,8,8,6,1.542,1,1,0.324254,10,False,False,600,34,0.05666667,0.04083166,0.07814239,6.286667,465.213,0.065000
F2,fixed,4.4,200,0,0.00000000,0.00000000,0.01884533,0,0.0000000000,6.185000,0.087706,6.185000,11,0.000000,0,200,0,19771,19771,0,870,4592454,4592454,687950,687950,1.000000,26505.225000,0,200,0,5301045,457.690,852,layer_order_stage1,BG1_first4_high_rate,F2,2-1-0-3,73,1,74,457.690,asymmetric,200,True,6,8,8,6,1.542,1,1,0.324254,10,False,False,600,34,0.05666667,0.04083166,0.07814239,6.286667,465.213,0.065000
F2,fixed,4.9,200,0,0.00000000,0.00000000,0.01884533,0,0.0000000000,3.955000,0.040286,3.955000,6,0.000000,0,200,0,51374,51374,0,2123,4444069,4444069,1079164,1079164,1.000000,27883.650000,0,200,0,5576730,292.670,852,layer_order_stage1,BG1_first4_high_rate,F2,2-1-0-3,73,1,74,292.670,asymmetric,200,True,6,8,8,6,1.542,1,1,0.324254,10,False,False,600,34,0.05666667,0.04083166,0.07814239,6.286667,465.213,0.065000
F2,fixed,4.2,200,21,0.10500000,0.06970749,0.15518032,1811,0.0010718513,8.375000,0.140787,7.949721,12,0.130000,0,179,21,12819,12819,0,362,3979807,3979807,355251,355251,1.000000,21741.195000,21,179,205897,4142342,628.125,852,layer_order_stage1,BG1_first4_high_rate,F2,3-1-0-2,74,1,75,628.125,asymmetric,200,True,6,8,8,6,1.542,1,1,0.324254,11,False,False,600,21,0.03500000,0.02300435,0.05291203,6.225000,466.875,0.045000
F2,fixed,4.4,200,0,0.00000000,0.00000000,0.01884533,0,0.0000000000,6.345000,0.090670,6.316583,12,0.005000,0,199,1,19823,19823,0,889,4614695,4614695,651388,651388,1.000000,26433.975000,0,200,0,5286795,475.875,852,layer_order_stage1,BG1_first4_high_rate,F2,3-1-0-2,74,1,75,475.875,asymmetric,200,True,6,8,8,6,1.542,1,1,0.324254,11,False,False,600,21,0.03500000,0.02300435,0.05291203,6.225000,466.875,0.045000
F2,fixed,4.9,200,0,0.00000000,0.00000000,0.01884533,0,0.0000000000,3.955000,0.034943,3.955000,5,0.000000,0,200,0,52008,52008,0,1633,4259901,4259901,833091,833091,1.000000,25733.165000,0,200,0,5146633,296.625,852,layer_order_stage1,BG1_first4_high_rate,F2,3-1-0-2,74,1,75,296.625,asymmetric,200,True,6,8,8,6,1.542,1,1,0.324254,11,False,False,600,21,0.03500000,0.02300435,0.05291203,6.225000,466.875,0.045000
F2,fixed,4.2,200,23,0.11500000,0.07786373,0.16664717,1754,0.0010381155,8.445000,0.143485,7.983051,12,0.140000,0,177,23,12936,12936,0,637,4379949,4379949,593641,593641,1.000000,24935.815000,23,177,269812,4717351,650.265,852,layer_order_stage1,BG1_first4_high_rate,F2,0-1-2-3,76,1,77,650.265,asymmetric,200,True,6,8,8,6,1.542,1,1,0.324254,12,False,False,600,24,0.04000000,0.02702503,0.05882774,6.240000,480.480,0.050000
F2,fixed,4.4,200,1,0.00500000,0.00088317,0.02777370,3,0.0000017756,6.245000,0.093373,6.216080,12,0.010000,0,199,1,19835,19835,0,663,4456513,4456513,630162,630162,1.000000,25535.865000,1,199,31475,5075698,480.865,852,layer_order_stage1,BG1_first4_high_rate,F2,0-1-2-3,76,1,77,480.865,asymmetric,200,True,6,8,8,6,1.542,1,1,0.324254,12,False,False,600,24,0.04000000,0.02702503,0.05882774,6.240000,480.480,0.050000
F2,fixed,4.9,200,0,0.00000000,0.00000000,0.01884533,0,0.0000000000,4.030000,0.038769,4.030000,6,0.000000,0,200,0,51571,51571,0,2024,4680282,4680282,1132781,1132781,1.000000,29333.290000,0,200,0,5866658,310.310,852,layer_order_stage1,BG1_first4_high_rate,F2,0-1-2-3,76,1,77,310.310,asymmetric,200,True,6,8,8,6,1.542,1,1,0.324254,12,False,False,600,24,0.04000000,0.02702503,0.05882774,6.240000,480.480,0.050000
F2,fixed,4.2,200,22,0.11000000,0.07377244,0.16092691,2087,0.0012352036,8.910000,0.137492,8.468571,12,0.175000,0,175,25,13101,13101,0,1100,5125971,5125971,831408,831408,1.000000,29857.900000,22,178,259077,5712503,677.160,852,layer_order_stage1,BG1_first4_high_rate,F2,2-1-3-0,75,1,76,677.160,asymmetric,200,True,6,8,8,6,1.542,1,1,0.324254,13,False,False,600,23,0.03833333,0.02567728,0.05686336,6.346667,482.347,0.060000
F2,fixed,4.4,200,1,0.00500000,0.00088317,0.02777370,1,0.0000005919,6.140000,0.081148,6.110553,12,0.005000,0,199,1,19686,19686,0,1181,4801096,4801096,927522,927522,1.000000,28747.425000,1,199,21696,5727789,466.640,852,layer_order_stage1,BG1_first4_high_rate,F2,2-1-3-0,75,1,76,466.640,asymmetric,200,True,6,8,8,6,1.542,1,1,0.324254,13,False,False,600,23,0.03833333,0.02567728,0.05686336,6.346667,482.347,0.060000
F2,fixed,4.9,200,0,0.00000000,0.00000000,0.01884533,0,0.0000000000,3.990000,0.033242,3.990000,5,0.000000,0,200,0,51644,51644,0,1697,4471340,4471340,1000110,1000110,1.000000,27623.955000,0,200,0,5524791,303.240,852,layer_order_stage1,BG1_first4_high_rate,F2,2-1-3-0,75,1,76,303.240,asymmetric,200,True,6,8,8,6,1.542,1,1,0.324254,13,False,False,600,23,0.03833333,0.02567728,0.05686336,6.346667,482.347,0.060000
F2,fixed,4.2,200,22,0.11000000,0.07377244,0.16092691,1258,0.0007445549,8.735000,0.135335,8.310734,12,0.170000,0,177,23,12763,12763,0,619,4439144,4439144,622355,622355,1.000000,25374.405000,22,178,245088,4829793,646.390,852,layer_order_stage1,BG1_first4_high_rate,F2,2-3-1-0,73,1,74,646.390,asymmetric,200,True,6,8,8,6,1.542,1,1,0.324254,14,False,False,600,22,0.03666667,0.02433690,0.05489161,6.525000,482.850,0.061667
F2,fixed,4.4,200,0,0.00000000,0.00000000,0.01884533,0,0.0000000000,6.615000,0.100170,6.615000,12,0.015000,0,200,0,19890,19890,0,1315,5016413,5016413,942899,942899,1.000000,29902.585000,0,200,0,5980517,489.510,852,layer_order_stage1,BG1_first4_high_rate,F2,2-3-1-0,73,1,74,489.510,asymmetric,200,True,6,8,8,6,1.542,1,1,0.324254,14,False,False,600,22,0.03666667,0.02433690,0.05489161,6.525000,482.850,0.061667
F2,fixed,4.9,200,0,0.00000000,0.00000000,0.01884533,0,0.0000000000,4.225000,0.037802,4.225000,6,0.000000,0,200,0,51840,51840,0,1776,4333406,4333406,937960,937960,1.000000,26624.910000,0,200,0,5324982,312.650,852,layer_order_stage1,BG1_first4_high_rate,F2,2-3-1-0,73,1,74,312.650,asymmetric,200,True,6,8,8,6,1.542,1,1,0.324254,14,False,False,600,22,0.03666667,0.02433690,0.05489161,6.525000,482.850,0.061667
F2,fixed,4.2,200,23,0.11500000,0.07786373,0.16664717,1727,0.0010221354,8.785000,0.147998,8.367232,12,0.190000,0,177,23,12960,12960,0,444,4271380,4271380,485983,485983,1.000000,23853.835000,23,177,239085,4531682,658.875,852,layer_order_stage1,BG1_first4_high_rate,F2,0-3-1-2,74,1,75,658.875,asymmetric,200,True,6,8,8,6,1.542,1,1,0.324254,15,False,False,600,23,0.03833333,0.02567728,0.05686336,6.458333,484.375,0.063333
F2,fixed,4.4,200,0,0.00000000,0.00000000,0.01884533,0,0.0000000000,6.410000,0.086003,6.410000,11,0.000000,0,200,0,19812,19812,0,988,4486307,4486307,645034,645034,1.000000,25760.705000,0,200,0,5152141,480.750,852,layer_order_stage1,BG1_first4_high_rate,F2,0-3-1-2,74,1,75,480.750,asymmetric,200,True,6,8,8,6,1.542,1,1,0.324254,15,False,False,600,23,0.03833333,0.02567728,0.05686336,6.458333,484.375,0.063333
F2,fixed,4.9,200,0,0.00000000,0.00000000,0.01884533,0,0.0000000000,4.180000,0.033819,4.180000,6,0.000000,0,200,0,51554,51554,0,1504,4066197,4066197,726592,726592,1.000000,24229.235000,0,200,0,4845847,313.500,852,layer_order_stage1,BG1_first4_high_rate,F2,0-3-1-2,74,1,75,313.500,asymmetric,200,True,6,8,8,6,1.542,1,1,0.324254,15,False,False,600,23,0.03833333,0.02567728,0.05686336,6.458333,484.375,0.063333
F2,fixed,4.2,200,23,0.11500000,0.07786373,0.16664717,1670,0.0009883996,8.560000,0.133496,8.112994,12,0.130000,0,177,23,13056,13056,0,741,4371850,4371850,560405,560405,1.000000,24730.260000,23,177,262912,4683140,667.680,852,layer_order_stage1,BG1_first4_high_rate,F2,0-1-3-2,77,1,78,667.680,asymmetric,200,True,6,8,8,6,1.542,1,1,0.324254,16,False,False,600,23,0.03833333,0.02567728,0.05686336,6.258333,488.150,0.045000
F2,fixed,4.4,200,0,0.00000000,0.00000000,0.01884533,0,0.0000000000,6.260000,0.088038,6.260000,12,0.005000,0,200,0,19444,19444,0,848,4477592,4477592,627769,627769,1.000000,25628.265000,0,200,0,5125653,488.280,852,layer_order_stage1,BG1_first4_high_rate,F2,0-1-3-2,77,1,78,488.280,asymmetric,200,True,6,8,8,6,1.542,1,1,0.324254,16,False,False,600,23,0.03833333,0.02567728,0.05686336,6.258333,488.150,0.045000
F2,fixed,4.9,200,0,0.00000000,0.00000000,0.01884533,0,0.0000000000,3.955000,0.037709,3.955000,6,0.000000,0,200,0,51554,51554,0,1723,4364411,4364411,939399,939399,1.000000,26785.435000,0,200,0,5357087,308.490,852,layer_order_stage1,BG1_first4_high_rate,F2,0-1-3-2,77,1,78,308.490,asymmetric,200,True,6,8,8,6,1.542,1,1,0.324254,16,False,False,600,23,0.03833333,0.02567728,0.05686336,6.258333,488.150,0.045000
F2,fixed,4.2,200,25,0.12500000,0.08611974,0.17801425,1904,0.0011268939,8.650000,0.135941,8.171429,12,0.160000,0,175,25,12920,12920,0,701,4178583,4178583,540044,540044,1.000000,23661.240000,25,175,290298,4441950,657.400,852,layer_order_stage1,BG1_first4_high_rate,F2,2-0-1-3,75,1,76,657.400,asymmetric,200,True,6,8,8,6,1.542,1,1,0.324254,17,False,False,600,25,0.04166667,0.02837973,0.06078516,6.433333,488.933,0.053333
F2,fixed,4.4,200,0,0.00000000,0.00000000,0.01884533,0,0.0000000000,6.405000,0.086268,6.405000,11,0.000000,0,200,0,19853,19853,0,1079,4528280,4528280,730592,730592,1.000000,26399.020000,0,200,0,5279804,486.780,852,layer_order_stage1,BG1_first4_high_rate,F2,2-0-1-3,75,1,76,486.780,asymmetric,200,True,6,8,8,6,1.542,1,1,0.324254,17,False,False,600,25,0.04166667,0.02837973,0.06078516,6.433333,488.933,0.053333
F2,fixed,4.9,200,0,0.00000000,0.00000000,0.01884533,0,0.0000000000,4.245000,0.033623,4.245000,5,0.000000,0,200,0,51530,51530,0,2231,4383440,4383440,953464,953464,1.000000,26953.325000,0,200,0,5390665,322.620,852,layer_order_stage1,BG1_first4_high_rate,F2,2-0-1-3,75,1,76,322.620,asymmetric,200,True,6,8,8,6,1.542,1,1,0.324254,17,False,False,600,25,0.04166667,0.02837973,0.06078516,6.433333,488.933,0.053333
F2,fixed,4.2,200,27,0.13500000,0.09446570,0.18929138,1788,0.0010582386,9.120000,0.136827,8.670520,12,0.190000,0,173,27,12976,12976,0,795,4652024,4652024,712658,712658,1.000000,26892.265000,27,173,279797,5098656,656.640,852,layer_order_stage1,BG1_first4_high_rate,F2,3-2-0-1,71,1,72,656.640,asymmetric,200,True,6,8,8,6,1.542,1,1,0.324254,18,False,False,600,28,0.04666667,0.03248189,0.06661939,6.835000,492.120,0.065000
F2,fixed,4.4,200,1,0.00500000,0.00088317,0.02777370,89,0.0000526752,6.865000,0.085266,6.839196,12,0.005000,0,199,1,19847,19847,0,1042,4969961,4969961,916250,916250,1.000000,29535.500000,1,199,15193,5891907,494.280,852,layer_order_stage1,BG1_first4_high_rate,F2,3-2-0-1,71,1,72,494.280,asymmetric,200,True,6,8,8,6,1.542,1,1,0.324254,18,False,False,600,28,0.04666667,0.03248189,0.06661939,6.835000,492.120,0.065000
F2,fixed,4.9,200,0,0.00000000,0.00000000,0.01884533,0,0.0000000000,4.520000,0.040697,4.520000,7,0.000000,0,200,0,52044,52044,0,2515,4686344,4686344,1214912,1214912,1.000000,29779.075000,0,200,0,5955815,325.440,852,layer_order_stage1,BG1_first4_high_rate,F2,3-2-0-1,71,1,72,325.440,asymmetric,200,True,6,8,8,6,1.542,1,1,0.324254,18,False,False,600,28,0.04666667,0.03248189,0.06661939,6.835000,492.120,0.065000
F2,fixed,4.2,200,34,0.17000000,0.12427908,0.22815884,2486,0.0014713542,9.125000,0.139081,8.536145,12,0.240000,0,166,34,12910,12910,0,652,4212690,4212690,513755,513755,1.000000,23700.035000,34,166,356034,4383973,666.125,852,layer_order_stage1,BG1_first4_high_rate,F2,0-2-3-1,72,1,73,666.125,asymmetric,200,True,6,8,8,6,1.542,1,1,0.324254,19,False,False,600,35,0.05833333,0.04223947,0.08004669,6.761667,493.602,0.081667
F2,fixed,4.4,200,1,0.00500000,0.00088317,0.02777370,2,0.0000011837,6.680000,0.072556,6.653266,12,0.005000,0,199,1,19584,19584,0,863,4559322,4559322,704180,704180,1.000000,26419.745000,1,199,42079,5241870,487.640,852,layer_order_stage1,BG1_first4_high_rate,F2,0-2-3-1,72,1,73,487.640,asymmetric,200,True,6,8,8,6,1.542,1,1,0.324254,19,False,False,600,35,0.05833333,0.04223947,0.08004669,6.761667,493.602,0.081667
F2,fixed,4.9,200,0,0.00000000,0.00000000,0.01884533,0,0.0000000000,4.480000,0.040697,4.480000,6,0.000000,0,200,0,52063,52063,0,2136,4413152,4413152,1021131,1021131,1.000000,27442.410000,0,200,0,5488482,327.040,852,layer_order_stage1,BG1_first4_high_rate,F2,0-2-3-1,72,1,73,327.040,asymmetric,200,True,6,8,8,6,1.542,1,1,0.324254,19,False,False,600,35,0.05833333,0.04223947,0.08004669,6.761667,493.602,0.081667
F2,fixed,4.2,200,23,0.11500000,0.07786373,0.16664717,1932,0.0011434659,8.805000,0.137585,8.369318,12,0.170000,0,176,24,12891,12891,0,1000,4574095,4574095,616645,616645,1.000000,26023.155000,23,177,256081,4948550,669.180,852,layer_order_stage1,BG1_first4_high_rate,F2,3-0-1-2,75,1,76,669.180,asymmetric,200,True,6,8,8,6,1.542,1,1,0.324254,20,False,False,600,23,0.03833333,0.02567728,0.05686336,6.495000,493.620,0.060000
F2,fixed,4.4,200,0,0.00000000,0.00000000,0.01884533,0,0.0000000000,6.465000,0.086203,6.465000,12,0.010000,0,200,0,19917,19917,0,1225,4783327,4783327,799642,799642,1.000000,28020.555000,0,200,0,5604111,491.340,852,layer_order_stage1,BG1_first4_high_rate,F2,3-0-1-2,75,1,76,491.340,asymmetric,200,True,6,8,8,6,1.542,1,1,0.324254,20,False,False,600,23,0.03833333,0.02567728,0.05686336,6.495000,493.620,0.060000
F2,fixed,4.9,200,0,0.00000000,0.00000000,0.01884533,0,0.0000000000,4.215000,0.038094,4.215000,6,0.000000,0,200,0,51620,51620,0,2171,4278221,4278221,877941,877941,1.000000,26049.765000,0,200,0,5209953,320.340,852,layer_order_stage1,BG1_first4_high_rate,F2,3-0-1-2,75,1,76,320.340,asymmetric,200,True,6,8,8,6,1.542,1,1,0.324254,20,False,False,600,23,0.03833333,0.02567728,0.05686336,6.495000,493.620,0.060000
F2,fixed,4.2,200,24,0.12000000,0.08197993,0.17234252,1906,0.0011280777,8.915000,0.127555,8.494318,12,0.145000,0,176,24,13055,13055,0,593,4219054,4219054,520067,520067,1.000000,23763.845000,24,176,220073,4532696,659.710,852,layer_order_stage1,BG1_first4_high_rate,F2,0-3-2-1,73,1,74,659.710,asymmetric,200,True,6,8,8,6,1.542,1,1,0.324254,21,False,False,600,24,0.04000000,0.02702503,0.05882774,6.693333,495.307,0.048333
F2,fixed,4.4,200,0,0.00000000,0.00000000,0.01884533,0,0.0000000000,6.690000,0.089776,6.690000,11,0.000000,0,200,0,19662,19662,0,875,4724644,4724644,807219,807219,1.000000,27762.000000,0,200,0,5552400,495.060,852,layer_order_stage1,BG1_first4_high_rate,F2,0-3-2-1,73,1,74,495.060,asymmetric,200,True,6,8,8,6,1.542,1,1,0.324254,21,False,False,600,24,0.04000000,0.02702503,0.05882774,6.693333,495.307,0.048333
F2,fixed,4.9,200,0,0.00000000,0.00000000,0.01884533,0,0.0000000000,4.475000,0.038133,4.475000,6,0.000000,0,200,0,51490,51490,0,1944,4398753,4398753,1045664,1045664,1.000000,27489.255000,0,200,0,5497851,331.150,852,layer_order_stage1,BG1_first4_high_rate,F2,0-3-2-1,73,1,74,331.150,asymmetric,200,True,6,8,8,6,1.542,1,1,0.324254,21,False,False,600,24,0.04000000,0.02702503,0.05882774,6.693333,495.307,0.048333
F2,fixed,4.2,200,27,0.13500000,0.09446570,0.18929138,1802,0.0010665246,9.170000,0.133207,8.690058,12,0.190000,0,171,29,12945,12945,0,428,4301310,4301310,467498,467498,1.000000,23910.905000,27,173,317978,4464203,678.580,852,layer_order_stage1,BG1_first4_high_rate,F2,2-0-3-1,73,1,74,678.580,asymmetric,200,True,6,8,8,6,1.542,1,1,0.324254,22,False,False,600,30,0.05000000,0.03524527,0.07048026,6.811667,504.063,0.070000
F2,fixed,4.4,200,3,0.01500000,0.00511424,0.04316573,76,0.0000449811,6.750000,0.096353,6.670051,12,0.020000,0,197,3,19845,19845,0,1029,4623771,4623771,761737,761737,1.000000,27031.910000,3,197,57438,5348944,499.500,852,layer_order_stage1,BG1_first4_high_rate,F2,2-0-3-1,73,1,74,499.500,asymmetric,200,True,6,8,8,6,1.542,1,1,0.324254,22,False,False,600,30,0.05000000,0.03524527,0.07048026,6.811667,504.063,0.070000
F2,fixed,4.9,200,0,0.00000000,0.00000000,0.01884533,0,0.0000000000,4.515000,0.037495,4.515000,6,0.000000,0,200,0,51563,51563,0,2020,4520361,4520361,1036945,1036945,1.000000,28054.445000,0,200,0,5610889,334.110,852,layer_order_stage1,BG1_first4_high_rate,F2,2-0-3-1,73,1,74,334.110,asymmetric,200,True,6,8,8,6,1.542,1,1,0.324254,22,False,False,600,30,0.05000000,0.03524527,0.07048026,6.811667,504.063,0.070000
F2,fixed,4.2,200,19,0.09500000,0.06166310,0.14360161,1475,0.0008729877,8.935000,0.128399,8.613260,12,0.150000,0,181,19,13116,13116,0,641,4528441,4528441,619215,619215,1.000000,25807.065000,19,181,206464,4954949,679.060,852,layer_order_stage1,BG1_first4_high_rate,F2,2-3-0-1,75,1,76,679.060,asymmetric,200,True,6,8,8,6,1.542,1,1,0.324254,23,False,False,600,20,0.03333333,0.02168016,0.05092409,6.735000,511.860,0.051667
F2,fixed,4.4,200,1,0.00500000,0.00088317,0.02777370,3,0.0000017756,6.695000,0.081505,6.668342,12,0.005000,0,199,1,19728,19728,0,857,4720404,4720404,740233,740233,1.000000,27406.110000,1,199,40191,5441031,508.820,852,layer_order_stage1,BG1_first4_high_rate,F2,2-3-0-1,75,1,76,508.820,asymmetric,200,True,6,8,8,6,1.542,1,1,0.324254,23,False,False,600,20,0.03333333,0.02168016,0.05092409,6.735000,511.860,0.051667
F2,fixed,4.9,200,0,0.00000000,0.00000000,0.01884533,0,0.0000000000,4.575000,0.042199,4.575000,6,0.000000,0,200,0,51656,51656,0,2939,4922050,4922050,1399049,1399049,1.000000,31878.470000,0,200,0,6375694,347.700,852,layer_order_stage1,BG1_first4_high_rate,F2,2-3-0-1,75,1,76,347.700,asymmetric,200,True,6,8,8,6,1.542,1,1,0.324254,23,False,False,600,20,0.03333333,0.02168016,0.05092409,6.735000,511.860,0.051667
F2,fixed,4.2,200,24,0.12000000,0.08197993,0.17234252,1169,0.0006918797,8.900000,0.135432,8.457143,12,0.170000,0,175,25,12934,12934,0,668,4346202,4346202,541180,541180,1.000000,24504.920000,24,176,315015,4585969,685.300,852,layer_order_stage1,BG1_first4_high_rate,F2,3-0-2-1,76,1,77,685.300,asymmetric,200,True,6,8,8,6,1.542,1,1,0.324254,24,False,False,600,24,0.04000000,0.02702503,0.05882774,6.671667,513.718,0.058333
F2,fixed,4.4,200,0,0.00000000,0.00000000,0.01884533,0,0.0000000000,6.675000,0.086802,6.675000,12,0.005000,0,200,0,19735,19735,0,718,4557118,4557118,717295,717295,1.000000,26474.330000,0,200,0,5294866,513.975,852,layer_order_stage1,BG1_first4_high_rate,F2,3-0-2-1,76,1,77,513.975,asymmetric,200,True,6,8,8,6,1.542,1,1,0.324254,24,False,False,600,24,0.04000000,0.02702503,0.05882774,6.671667,513.718,0.058333
F2,fixed,4.9,200,0,0.00000000,0.00000000,0.01884533,0,0.0000000000,4.440000,0.037269,4.440000,6,0.000000,0,200,0,51316,51316,0,1479,4268217,4268217,923985,923985,1.000000,26224.985000,0,200,0,5244997,341.880,852,layer_order_stage1,BG1_first4_high_rate,F2,3-0-2-1,76,1,77,341.880,asymmetric,200,True,6,8,8,6,1.542,1,1,0.324254,24,False,False,600,24,0.04000000,0.02702503,0.05882774,6.671667,513.718,0.058333
